detected_X_V (unit),detected_Y_V (unit),detected_Z_V (unit),detected_X_P (unit),detected_Y_P (unit),detected_Z_P (unit),detected_XF (unit),detected_YF (unit),detected_ZF (unit),X_position (unit),Y_position (unit),Z_position (unit)
-4.00E-03,-2.30E-01,-3.50E-02,-7.50E-01,-5.50E-02,-1.35E-01,-1.97E-01,-2.22E-01,-9.07E-02,4.00E-01,2.00E-01,3.50E-02
4.46E-01,-1.75E-01,-3.95E-02,1.78E-01,-2.00E-01,3.95E-01,3.76E-01,-1.76E-01,2.03E-01,4.00E-01,2.00E-01,3.95E-02
4.46E-01,-1.75E-01,-3.99E-02,2.23E-01,-2.00E-01,3.92E-01,3.88E-01,-1.76E-01,2.01E-01,4.00E-01,2.00E-01,3.99E-02
4.46E-01,-1.75E-01,-4.00E-02,2.24E-01,-2.00E-01,3.91E-01,3.88E-01,-1.76E-01,2.00E-01,4.00E-01,2.00E-01,4.00E-02
2.73E-02,1.24E-02,5.34E-02,2.25E-01,-2.00E-01,3.90E-01,7.85E-02,2.48E-03,2.41E-01,4.00E-01,2.00E-01,4.00E-02
2.72E-02,1.24E-02,5.34E-02,2.26E-01,-2.00E-01,3.88E-01,7.87E-02,2.48E-03,2.40E-01,4.00E-01,2.00E-01,4.00E-02
2.72E-02,1.24E-02,5.35E-02,2.28E-01,-2.00E-01,3.87E-01,7.90E-02,2.48E-03,2.39E-01,4.00E-01,2.00E-01,4.00E-02
2.71E-02,1.24E-02,5.35E-02,2.29E-01,-2.00E-01,3.85E-01,7.93E-02,2.48E-03,2.38E-01,4.00E-01,2.00E-01,4.00E-02
2.71E-02,1.24E-02,5.35E-02,2.30E-01,-2.00E-01,3.84E-01,7.95E-02,2.48E-03,2.38E-01,4.00E-01,2.00E-01,4.00E-02
2.70E-02,1.24E-02,5.35E-02,4.00E-02,-4.00E-02,4.00E-02,3.04E-02,9.94E-03,4.60E-02,4.00E-01,2.00E-01,4.00E-02
2.69E-02,1.24E-02,5.35E-02,4.00E-02,-4.00E-02,4.00E-02,3.03E-02,9.94E-03,4.60E-02,4.00E-01,2.00E-01,4.00E-02
2.69E-02,1.24E-02,5.36E-02,4.00E-02,-4.00E-02,4.00E-02,3.03E-02,9.94E-03,4.60E-02,4.00E-01,2.00E-01,4.00E-02
2.68E-02,1.24E-02,5.36E-02,4.00E-02,-4.00E-02,4.00E-02,3.02E-02,9.94E-03,4.60E-02,4.00E-01,2.00E-01,4.00E-02
2.67E-02,1.24E-02,5.36E-02,4.00E-02,-4.00E-02,4.00E-02,3.02E-02,9.94E-03,4.60E-02,4.00E-01,2.00E-01,4.00E-02
2.66E-02,1.24E-02,5.36E-02,4.00E-02,-4.00E-02,4.00E-02,3.01E-02,9.95E-03,4.60E-02,4.00E-01,2.00E-01,4.00E-02
2.90E-02,1.24E-02,5.42E-02,4.00E-02,-4.00E-02,4.00E-02,3.18E-02,9.94E-03,4.63E-02,4.00E-01,2.00E-01,4.00E-02
2.89E-02,1.24E-02,5.43E-02,4.00E-02,-4.00E-02,4.00E-02,3.18E-02,9.94E-03,4.63E-02,4.00E-01,2.00E-01,4.00E-02
2.88E-02,1.24E-02,5.43E-02,4.00E-02,-4.00E-02,4.00E-02,3.17E-02,9.94E-03,4.63E-02,4.00E-01,2.00E-01,4.00E-02
2.88E-02,1.24E-02,5.43E-02,4.00E-02,-4.00E-02,4.00E-02,3.17E-02,9.94E-03,4.63E-02,4.00E-01,2.00E-01,4.00E-02
2.87E-02,1.24E-02,5.43E-02,4.00E-02,-4.00E-02,4.00E-02,3.16E-02,9.94E-03,4.64E-02,4.00E-01,2.00E-01,4.00E-02
2.86E-02,1.24E-02,5.44E-02,4.00E-02,-4.00E-02,4.00E-02,3.15E-02,9.94E-03,4.64E-02,4.00E-01,2.00E-01,4.00E-02
2.85E-02,1.24E-02,5.44E-02,4.00E-02,-4.00E-02,4.00E-02,3.15E-02,9.94E-03,4.64E-02,4.00E-01,2.00E-01,4.00E-02
2.84E-02,1.24E-02,5.44E-02,4.00E-02,-4.00E-02,4.00E-02,3.14E-02,9.94E-03,4.64E-02,4.00E-01,2.00E-01,4.00E-02
2.84E-02,1.24E-02,5.45E-02,4.00E-02,-4.00E-02,4.00E-02,3.14E-02,9.94E-03,4.64E-02,4.00E-01,2.00E-01,4.00E-02
2.83E-02,1.24E-02,5.45E-02,4.00E-02,-4.00E-02,4.00E-02,3.13E-02,9.94E-03,4.64E-02,4.00E-01,2.00E-01,4.00E-02
2.86E-02,1.24E-02,5.44E-02,4.00E-02,-4.00E-02,4.00E-02,3.16E-02,9.94E-03,4.64E-02,4.00E-01,2.00E-01,4.00E-02
3.05E-02,1.24E-02,5.39E-02,4.00E-02,-4.00E-02,4.00E-02,3.29E-02,9.94E-03,4.61E-02,4.00E-01,2.00E-01,4.00E-02
3.08E-02,1.24E-02,5.38E-02,4.00E-02,-4.00E-02,4.00E-02,3.32E-02,9.94E-03,4.61E-02,4.00E-01,2.00E-01,4.00E-02
3.09E-02,1.24E-02,5.37E-02,4.00E-02,-4.00E-02,4.00E-02,3.32E-02,9.94E-03,4.61E-02,4.00E-01,2.00E-01,4.00E-02
3.09E-02,1.24E-02,5.37E-02,4.00E-02,-4.00E-02,4.00E-02,3.33E-02,9.94E-03,4.61E-02,4.00E-01,2.00E-01,4.00E-02
3.09E-02,1.24E-02,5.37E-02,4.00E-02,-4.00E-02,4.00E-02,3.33E-02,9.94E-03,4.61E-02,4.00E-01,2.00E-01,4.00E-02
3.09E-02,1.24E-02,5.37E-02,4.00E-02,-4.00E-02,4.00E-02,3.33E-02,9.94E-03,4.61E-02,4.00E-01,2.00E-01,4.00E-02
3.09E-02,1.24E-02,5.37E-02,4.00E-02,-4.00E-02,4.00E-02,3.33E-02,9.94E-03,4.61E-02,4.00E-01,2.00E-01,4.00E-02
3.09E-02,1.24E-02,5.37E-02,4.00E-02,-4.00E-02,4.00E-02,3.33E-02,9.94E-03,4.61E-02,4.00E-01,2.00E-01,4.00E-02
3.09E-02,1.24E-02,5.37E-02,4.00E-02,-4.00E-02,4.00E-02,3.33E-02,9.94E-03,4.61E-02,4.00E-01,2.00E-01,4.00E-02
3.09E-02,1.24E-02,5.37E-02,4.00E-02,-4.00E-02,4.00E-02,3.33E-02,9.94E-03,4.61E-02,4.00E-01,2.00E-01,4.00E-02
2.86E-02,6.28E-03,5.42E-02,4.00E-02,-4.00E-02,4.00E-02,3.15E-02,4.12E-03,4.63E-02,4.00E-01,2.00E-01,4.00E-02
2.86E-02,6.28E-03,5.42E-02,4.00E-02,-4.00E-02,4.00E-02,3.15E-02,4.12E-03,4.63E-02,4.00E-01,2.00E-01,4.00E-02
2.86E-02,6.28E-03,5.42E-02,4.00E-02,-4.00E-02,4.00E-02,3.15E-02,4.12E-03,4.63E-02,4.00E-01,2.00E-01,4.00E-02
2.86E-02,6.28E-03,5.42E-02,4.00E-02,-4.00E-02,4.00E-02,3.15E-02,4.12E-03,4.63E-02,4.00E-01,2.00E-01,4.00E-02
2.86E-02,6.28E-03,5.42E-02,4.00E-02,-4.00E-02,4.00E-02,3.15E-02,4.12E-03,4.63E-02,4.00E-01,2.00E-01,4.00E-02
2.86E-02,6.28E-03,5.42E-02,4.00E-02,-4.00E-02,4.00E-02,3.15E-02,4.12E-03,4.63E-02,4.00E-01,2.00E-01,4.00E-02
2.86E-02,6.28E-03,5.42E-02,4.00E-02,-4.00E-02,4.00E-02,3.15E-02,4.12E-03,4.63E-02,4.00E-01,2.00E-01,4.00E-02
2.86E-02,6.28E-03,5.42E-02,4.00E-02,-4.00E-02,4.00E-02,3.15E-02,4.12E-03,4.63E-02,4.00E-01,2.00E-01,4.00E-02
2.86E-02,6.28E-03,5.42E-02,4.00E-02,-4.00E-02,4.00E-02,3.15E-02,4.12E-03,4.63E-02,4.00E-01,2.00E-01,4.00E-02
2.86E-02,6.28E-03,5.42E-02,4.00E-02,-4.00E-02,4.00E-02,3.15E-02,4.12E-03,4.63E-02,4.00E-01,2.00E-01,4.00E-02
2.86E-02,6.28E-03,5.42E-02,4.00E-02,-4.00E-02,4.00E-02,3.15E-02,4.12E-03,4.63E-02,4.00E-01,2.00E-01,4.00E-02
2.86E-02,6.28E-03,5.42E-02,4.00E-02,-4.00E-02,4.00E-02,3.15E-02,4.12E-03,4.63E-02,4.00E-01,2.00E-01,4.00E-02
2.86E-02,6.28E-03,5.42E-02,4.00E-02,-4.00E-02,4.00E-02,3.15E-02,4.12E-03,4.63E-02,4.00E-01,2.00E-01,4.00E-02
2.86E-02,6.28E-03,5.42E-02,4.00E-02,-4.00E-02,4.00E-02,3.15E-02,4.12E-03,4.63E-02,4.00E-01,2.00E-01,4.00E-02
2.86E-02,6.28E-03,5.42E-02,4.00E-02,-4.00E-02,4.00E-02,3.15E-02,4.12E-03,4.63E-02,4.00E-01,2.00E-01,4.00E-02
2.86E-02,6.28E-03,5.42E-02,4.00E-02,-4.00E-02,4.00E-02,3.15E-02,4.12E-03,4.63E-02,4.00E-01,2.00E-01,4.00E-02
2.86E-02,6.28E-03,5.42E-02,4.00E-02,-4.00E-02,4.00E-02,3.15E-02,4.12E-03,4.63E-02,4.00E-01,2.00E-01,4.00E-02
2.86E-02,6.28E-03,5.42E-02,4.00E-02,-4.00E-02,4.00E-02,3.15E-02,4.12E-03,4.63E-02,4.00E-01,2.00E-01,4.00E-02
2.86E-02,6.28E-03,5.42E-02,4.00E-02,-4.00E-02,4.00E-02,3.15E-02,4.12E-03,4.63E-02,4.00E-01,2.00E-01,4.00E-02
2.86E-02,6.28E-03,5.42E-02,4.00E-02,-4.00E-02,4.00E-02,3.15E-02,4.12E-03,4.63E-02,4.00E-01,2.00E-01,4.00E-02
2.86E-02,6.28E-03,5.42E-02,4.00E-02,-4.00E-02,4.00E-02,3.15E-02,4.12E-03,4.63E-02,4.00E-01,2.00E-01,4.00E-02
2.86E-02,6.28E-03,5.42E-02,4.00E-02,-4.00E-02,4.00E-02,3.15E-02,4.12E-03,4.63E-02,4.00E-01,2.00E-01,4.00E-02
2.86E-02,6.28E-03,5.42E-02,4.00E-02,-4.00E-02,4.00E-02,3.15E-02,4.12E-03,4.63E-02,4.00E-01,2.00E-01,4.00E-02
2.86E-02,6.28E-03,5.42E-02,4.00E-02,-4.00E-02,4.00E-02,3.15E-02,4.12E-03,4.63E-02,4.00E-01,2.00E-01,4.00E-02
2.86E-02,6.28E-03,5.42E-02,4.00E-02,-4.00E-02,4.00E-02,3.15E-02,4.12E-03,4.63E-02,4.00E-01,2.00E-01,4.00E-02
2.86E-02,6.28E-03,5.42E-02,4.00E-02,-4.00E-02,4.00E-02,3.15E-02,4.12E-03,4.63E-02,4.50E-01,2.00E-01,3.50E-02
-2.15E-02,6.28E-03,5.47E-02,4.00E-02,-4.00E-02,4.00E-02,-5.55E-03,4.12E-03,4.65E-02,4.50E-01,2.00E-01,3.95E-02
-2.15E-02,6.28E-03,5.43E-02,4.00E-02,-4.00E-02,4.00E-02,-5.55E-03,4.12E-03,4.63E-02,4.50E-01,2.00E-01,3.99E-02
-2.15E-02,6.28E-03,5.42E-02,4.00E-02,-4.00E-02,4.00E-02,-5.55E-03,4.12E-03,4.63E-02,4.50E-01,2.00E-01,4.00E-02
-2.15E-02,6.28E-03,5.42E-02,4.00E-02,-4.00E-02,4.00E-02,-5.55E-03,4.12E-03,4.63E-02,4.50E-01,2.00E-01,4.00E-02
-2.15E-02,6.28E-03,5.42E-02,4.00E-02,-4.00E-02,4.00E-02,-5.55E-03,4.12E-03,4.63E-02,4.50E-01,2.00E-01,4.00E-02
-2.15E-02,6.28E-03,5.42E-02,4.00E-02,-4.00E-02,4.00E-02,-5.55E-03,4.12E-03,4.63E-02,4.50E-01,2.00E-01,4.00E-02
3.10E-02,5.26E-03,5.41E-02,4.00E-02,-4.00E-02,4.00E-02,3.34E-02,3.15E-03,4.63E-02,4.50E-01,2.00E-01,4.00E-02
3.10E-02,5.26E-03,5.41E-02,4.00E-02,-4.00E-02,4.00E-02,3.34E-02,3.15E-03,4.63E-02,4.50E-01,2.00E-01,4.00E-02
3.10E-02,5.26E-03,5.41E-02,4.00E-02,-4.00E-02,4.00E-02,3.34E-02,3.15E-03,4.63E-02,4.50E-01,2.00E-01,4.00E-02
3.10E-02,5.26E-03,5.41E-02,4.00E-02,-4.00E-02,4.00E-02,3.34E-02,3.15E-03,4.63E-02,4.50E-01,2.00E-01,4.00E-02
3.10E-02,5.26E-03,5.41E-02,4.00E-02,-4.00E-02,4.00E-02,3.34E-02,3.15E-03,4.63E-02,4.50E-01,2.00E-01,4.00E-02
3.10E-02,5.26E-03,5.41E-02,4.00E-02,-4.00E-02,4.00E-02,3.34E-02,3.15E-03,4.63E-02,4.50E-01,2.00E-01,4.00E-02
3.10E-02,5.26E-03,5.41E-02,4.00E-02,-4.00E-02,4.00E-02,3.34E-02,3.15E-03,4.63E-02,4.50E-01,2.00E-01,4.00E-02
3.10E-02,5.26E-03,5.41E-02,4.00E-02,-4.00E-02,4.00E-02,3.34E-02,3.15E-03,4.63E-02,4.50E-01,2.00E-01,4.00E-02
3.10E-02,5.26E-03,5.41E-02,4.00E-02,-4.00E-02,4.00E-02,3.34E-02,3.15E-03,4.63E-02,4.50E-01,2.00E-01,4.00E-02
3.10E-02,5.26E-03,5.41E-02,4.00E-02,-4.00E-02,4.00E-02,3.34E-02,3.15E-03,4.63E-02,4.50E-01,2.00E-01,4.00E-02
3.10E-02,5.26E-03,5.41E-02,4.00E-02,-4.00E-02,4.00E-02,3.34E-02,3.15E-03,4.63E-02,4.50E-01,2.00E-01,4.00E-02
3.10E-02,5.26E-03,5.41E-02,4.00E-02,-4.00E-02,4.00E-02,3.34E-02,3.15E-03,4.63E-02,4.50E-01,2.00E-01,4.00E-02
3.10E-02,5.26E-03,5.41E-02,4.00E-02,-4.00E-02,4.00E-02,3.34E-02,3.15E-03,4.63E-02,4.50E-01,2.00E-01,4.00E-02
3.10E-02,5.26E-03,5.41E-02,4.00E-02,-4.00E-02,4.00E-02,3.34E-02,3.15E-03,4.63E-02,4.50E-01,2.00E-01,4.00E-02
3.10E-02,5.26E-03,5.41E-02,4.00E-02,-4.00E-02,4.00E-02,3.34E-02,3.15E-03,4.63E-02,4.50E-01,2.00E-01,4.00E-02
3.10E-02,5.26E-03,5.41E-02,4.00E-02,-4.00E-02,4.00E-02,3.34E-02,3.15E-03,4.63E-02,4.50E-01,2.00E-01,4.00E-02
3.10E-02,5.26E-03,5.41E-02,4.00E-02,-4.00E-02,4.00E-02,3.34E-02,3.15E-03,4.63E-02,4.50E-01,2.00E-01,4.00E-02
3.10E-02,5.26E-03,5.41E-02,4.00E-02,-4.00E-02,4.00E-02,3.34E-02,3.15E-03,4.63E-02,4.50E-01,2.00E-01,4.00E-02
3.10E-02,5.26E-03,5.41E-02,4.00E-02,-4.00E-02,4.00E-02,3.34E-02,3.15E-03,4.63E-02,4.50E-01,2.00E-01,4.00E-02
3.10E-02,5.26E-03,5.41E-02,4.00E-02,-4.00E-02,4.00E-02,3.34E-02,3.15E-03,4.63E-02,4.50E-01,2.00E-01,4.00E-02
3.10E-02,5.26E-03,5.41E-02,4.00E-02,-4.00E-02,4.00E-02,3.34E-02,3.15E-03,4.63E-02,4.50E-01,2.00E-01,4.00E-02
3.10E-02,5.26E-03,5.41E-02,4.00E-02,-4.00E-02,4.00E-02,3.34E-02,3.15E-03,4.63E-02,4.50E-01,2.00E-01,4.00E-02
3.10E-02,5.26E-03,5.41E-02,4.00E-02,-4.00E-02,4.00E-02,3.34E-02,3.15E-03,4.63E-02,4.50E-01,2.00E-01,4.00E-02
3.10E-02,5.26E-03,5.41E-02,4.00E-02,-4.00E-02,4.00E-02,3.34E-02,3.15E-03,4.63E-02,4.50E-01,2.00E-01,4.00E-02
3.10E-02,5.26E-03,5.41E-02,4.00E-02,-4.00E-02,4.00E-02,3.34E-02,3.15E-03,4.63E-02,4.50E-01,2.00E-01,4.00E-02
3.10E-02,5.26E-03,5.41E-02,4.00E-02,-4.00E-02,4.00E-02,3.34E-02,3.15E-03,4.63E-02,4.50E-01,2.00E-01,4.00E-02
3.10E-02,5.26E-03,5.41E-02,4.00E-02,-4.00E-02,4.00E-02,3.34E-02,3.15E-03,4.63E-02,4.50E-01,2.00E-01,4.00E-02
3.10E-02,5.26E-03,5.41E-02,4.00E-02,-4.00E-02,4.00E-02,3.34E-02,3.15E-03,4.63E-02,4.50E-01,2.00E-01,4.00E-02
3.10E-02,5.26E-03,5.41E-02,4.00E-02,-4.00E-02,4.00E-02,3.34E-02,3.15E-03,4.63E-02,4.50E-01,2.00E-01,4.00E-02
3.10E-02,5.26E-03,5.41E-02,4.00E-02,-4.00E-02,4.00E-02,3.34E-02,3.15E-03,4.63E-02,4.50E-01,2.00E-01,4.00E-02
3.10E-02,5.26E-03,5.41E-02,4.00E-02,-4.00E-02,4.00E-02,3.34E-02,3.15E-03,4.63E-02,4.50E-01,2.00E-01,4.00E-02
3.10E-02,5.26E-03,5.41E-02,4.00E-02,-4.00E-02,4.00E-02,3.34E-02,3.15E-03,4.63E-02,4.50E-01,2.00E-01,4.00E-02
3.10E-02,5.26E-03,5.41E-02,4.00E-02,-4.00E-02,4.00E-02,3.34E-02,3.15E-03,4.63E-02,4.50E-01,2.00E-01,4.00E-02
3.10E-02,5.26E-03,5.41E-02,4.00E-02,-4.00E-02,4.00E-02,3.34E-02,3.15E-03,4.63E-02,4.50E-01,2.00E-01,4.00E-02
3.10E-02,5.26E-03,5.41E-02,4.00E-02,-4.00E-02,4.00E-02,3.34E-02,3.15E-03,4.63E-02,4.50E-01,2.00E-01,4.00E-02
3.10E-02,5.26E-03,5.41E-02,4.00E-02,-4.00E-02,4.00E-02,3.34E-02,3.15E-03,4.63E-02,4.50E-01,2.00E-01,4.00E-02
3.10E-02,5.26E-03,5.41E-02,4.00E-02,-4.00E-02,4.00E-02,3.34E-02,3.15E-03,4.63E-02,4.50E-01,2.00E-01,4.00E-02
3.10E-02,5.26E-03,5.41E-02,4.00E-02,-4.00E-02,4.00E-02,3.34E-02,3.15E-03,4.63E-02,4.50E-01,2.00E-01,4.00E-02
3.10E-02,5.26E-03,5.41E-02,4.00E-02,-4.00E-02,4.00E-02,3.34E-02,3.15E-03,4.63E-02,4.50E-01,2.00E-01,4.00E-02
3.10E-02,5.26E-03,5.41E-02,4.00E-02,-4.00E-02,4.00E-02,3.34E-02,3.15E-03,4.63E-02,4.50E-01,2.00E-01,4.00E-02
3.10E-02,5.26E-03,5.41E-02,4.00E-02,-4.00E-02,4.00E-02,3.34E-02,3.15E-03,4.63E-02,4.50E-01,2.00E-01,4.00E-02
3.10E-02,5.26E-03,5.41E-02,4.00E-02,-4.00E-02,4.00E-02,3.34E-02,3.15E-03,4.63E-02,4.50E-01,2.00E-01,4.00E-02
3.10E-02,5.26E-03,5.41E-02,4.00E-02,-4.00E-02,4.00E-02,3.34E-02,3.15E-03,4.63E-02,4.50E-01,2.00E-01,4.00E-02
3.10E-02,5.26E-03,5.41E-02,4.00E-02,-4.00E-02,4.00E-02,3.34E-02,3.15E-03,4.63E-02,4.50E-01,2.00E-01,4.00E-02
3.10E-02,5.26E-03,5.41E-02,4.00E-02,-4.00E-02,4.00E-02,3.34E-02,3.15E-03,4.63E-02,4.50E-01,2.00E-01,4.00E-02
3.10E-02,5.26E-03,5.41E-02,4.00E-02,-4.00E-02,4.00E-02,3.34E-02,3.15E-03,4.63E-02,4.50E-01,2.00E-01,4.00E-02
3.10E-02,5.26E-03,5.41E-02,4.00E-02,-4.00E-02,4.00E-02,3.34E-02,3.15E-03,4.63E-02,4.50E-01,2.00E-01,4.00E-02
3.10E-02,5.26E-03,5.41E-02,4.00E-02,-4.00E-02,4.00E-02,3.34E-02,3.15E-03,4.63E-02,4.50E-01,2.00E-01,4.00E-02
3.10E-02,5.26E-03,5.41E-02,4.00E-02,-4.00E-02,4.00E-02,3.34E-02,3.15E-03,4.63E-02,4.50E-01,2.00E-01,4.00E-02
3.10E-02,5.26E-03,5.41E-02,4.00E-02,-4.00E-02,4.00E-02,3.34E-02,3.15E-03,4.63E-02,4.50E-01,2.00E-01,4.00E-02
3.10E-02,5.26E-03,5.41E-02,4.00E-02,-4.00E-02,4.00E-02,3.34E-02,3.15E-03,4.63E-02,4.50E-01,2.00E-01,4.00E-02
3.10E-02,5.26E-03,5.41E-02,4.00E-02,-4.00E-02,4.00E-02,3.34E-02,3.15E-03,4.63E-02,4.50E-01,2.00E-01,4.00E-02
3.10E-02,5.26E-03,5.41E-02,4.00E-02,-4.00E-02,4.00E-02,3.34E-02,3.15E-03,4.63E-02,4.50E-01,2.00E-01,4.00E-02
3.10E-02,5.26E-03,5.41E-02,4.00E-02,-4.00E-02,4.00E-02,3.34E-02,3.15E-03,4.63E-02,4.50E-01,2.00E-01,4.00E-02
3.10E-02,5.26E-03,5.41E-02,4.00E-02,-4.00E-02,4.00E-02,3.34E-02,3.15E-03,4.63E-02,4.50E-01,1.50E-01,3.50E-02
3.10E-02,5.53E-02,5.47E-02,4.00E-02,-4.00E-02,4.00E-02,3.34E-02,5.08E-02,4.65E-02,4.50E-01,1.50E-01,3.95E-02
3.10E-02,5.53E-02,5.42E-02,4.00E-02,-4.00E-02,4.00E-02,3.34E-02,5.08E-02,4.63E-02,4.50E-01,1.50E-01,3.99E-02
3.10E-02,5.53E-02,5.41E-02,4.00E-02,-4.00E-02,4.00E-02,3.34E-02,5.08E-02,4.63E-02,4.50E-01,1.50E-01,4.00E-02
3.10E-02,5.53E-02,5.41E-02,4.00E-02,-4.00E-02,4.00E-02,3.34E-02,5.08E-02,4.63E-02,4.50E-01,1.50E-01,4.00E-02
3.22E-02,2.39E-03,5.41E-02,4.00E-02,-4.00E-02,4.00E-02,3.42E-02,4.08E-04,4.62E-02,4.50E-01,1.50E-01,4.00E-02
3.22E-02,2.39E-03,5.41E-02,4.00E-02,-4.00E-02,4.00E-02,3.42E-02,4.08E-04,4.62E-02,4.50E-01,1.50E-01,4.00E-02
3.22E-02,2.39E-03,5.41E-02,4.00E-02,-4.00E-02,4.00E-02,3.42E-02,4.08E-04,4.62E-02,4.50E-01,1.50E-01,4.00E-02
3.22E-02,2.39E-03,5.41E-02,4.00E-02,-4.00E-02,4.00E-02,3.42E-02,4.08E-04,4.62E-02,4.50E-01,1.50E-01,4.00E-02
3.22E-02,2.39E-03,5.41E-02,4.00E-02,-4.00E-02,4.00E-02,3.42E-02,4.08E-04,4.62E-02,4.50E-01,1.50E-01,4.00E-02
3.22E-02,2.39E-03,5.41E-02,4.00E-02,-4.00E-02,4.00E-02,3.42E-02,4.08E-04,4.62E-02,4.50E-01,1.50E-01,4.00E-02
3.22E-02,2.39E-03,5.41E-02,4.00E-02,-4.00E-02,4.00E-02,3.42E-02,4.08E-04,4.62E-02,4.50E-01,1.50E-01,4.00E-02
3.22E-02,2.39E-03,5.41E-02,4.00E-02,-4.00E-02,4.00E-02,3.42E-02,4.08E-04,4.62E-02,4.50E-01,1.50E-01,4.00E-02
3.22E-02,2.39E-03,5.41E-02,4.00E-02,-4.00E-02,4.00E-02,3.42E-02,4.08E-04,4.62E-02,4.50E-01,1.50E-01,4.00E-02
3.22E-02,2.39E-03,5.41E-02,4.00E-02,-4.00E-02,4.00E-02,3.42E-02,4.08E-04,4.63E-02,4.50E-01,1.50E-01,4.00E-02
3.22E-02,2.39E-03,5.41E-02,4.00E-02,-4.00E-02,4.00E-02,3.42E-02,4.08E-04,4.63E-02,4.50E-01,1.50E-01,4.00E-02
3.22E-02,2.39E-03,5.41E-02,4.00E-02,-4.00E-02,4.00E-02,3.42E-02,4.08E-04,4.63E-02,4.50E-01,1.50E-01,4.00E-02
3.22E-02,2.39E-03,5.41E-02,4.00E-02,-4.00E-02,4.00E-02,3.42E-02,4.08E-04,4.63E-02,4.50E-01,1.50E-01,4.00E-02
3.22E-02,2.39E-03,5.41E-02,4.00E-02,-4.00E-02,4.00E-02,3.42E-02,4.08E-04,4.63E-02,4.50E-01,1.50E-01,4.00E-02
3.22E-02,2.39E-03,5.41E-02,4.00E-02,-4.00E-02,4.00E-02,3.42E-02,4.08E-04,4.63E-02,4.50E-01,1.50E-01,4.00E-02
3.22E-02,2.39E-03,5.41E-02,4.00E-02,-4.00E-02,4.00E-02,3.42E-02,4.08E-04,4.63E-02,4.50E-01,1.50E-01,4.00E-02
3.22E-02,2.39E-03,5.41E-02,4.00E-02,-4.00E-02,4.00E-02,3.42E-02,4.08E-04,4.63E-02,4.50E-01,1.50E-01,4.00E-02
3.22E-02,2.39E-03,5.41E-02,4.00E-02,-4.00E-02,4.00E-02,3.42E-02,4.08E-04,4.63E-02,4.50E-01,1.50E-01,4.00E-02
3.22E-02,2.39E-03,5.41E-02,4.00E-02,-4.00E-02,4.00E-02,3.42E-02,4.08E-04,4.63E-02,4.50E-01,1.50E-01,4.00E-02
3.22E-02,2.39E-03,5.41E-02,4.00E-02,-4.00E-02,4.00E-02,3.42E-02,4.08E-04,4.63E-02,4.50E-01,1.50E-01,4.00E-02
3.22E-02,2.39E-03,5.41E-02,4.00E-02,-4.00E-02,4.00E-02,3.42E-02,4.08E-04,4.63E-02,4.50E-01,1.50E-01,4.00E-02
3.22E-02,2.39E-03,5.41E-02,4.00E-02,-4.00E-02,4.00E-02,3.42E-02,4.08E-04,4.63E-02,4.50E-01,1.50E-01,4.00E-02
3.22E-02,2.39E-03,5.41E-02,4.00E-02,-4.00E-02,4.00E-02,3.42E-02,4.08E-04,4.63E-02,4.50E-01,1.50E-01,4.00E-02
3.22E-02,2.39E-03,5.41E-02,4.00E-02,-4.00E-02,4.00E-02,3.42E-02,4.08E-04,4.63E-02,4.50E-01,1.50E-01,4.00E-02
3.22E-02,2.39E-03,5.41E-02,4.00E-02,-4.00E-02,4.00E-02,3.42E-02,4.08E-04,4.63E-02,4.50E-01,1.50E-01,4.00E-02
3.22E-02,2.39E-03,5.41E-02,4.00E-02,-4.00E-02,4.00E-02,3.42E-02,4.08E-04,4.63E-02,4.50E-01,1.50E-01,4.00E-02
3.22E-02,2.39E-03,5.41E-02,4.00E-02,-4.00E-02,4.00E-02,3.42E-02,4.08E-04,4.63E-02,4.50E-01,1.50E-01,4.00E-02
3.22E-02,2.39E-03,5.41E-02,4.00E-02,-4.00E-02,4.00E-02,3.42E-02,4.08E-04,4.63E-02,4.50E-01,1.50E-01,4.00E-02
3.22E-02,2.39E-03,5.41E-02,4.00E-02,-4.00E-02,4.00E-02,3.42E-02,4.08E-04,4.63E-02,4.50E-01,1.50E-01,4.00E-02
3.22E-02,2.39E-03,5.41E-02,4.00E-02,-4.00E-02,4.00E-02,3.42E-02,4.08E-04,4.63E-02,4.50E-01,1.50E-01,4.00E-02
3.22E-02,2.39E-03,5.41E-02,4.00E-02,-4.00E-02,4.00E-02,3.42E-02,4.08E-04,4.63E-02,4.50E-01,1.50E-01,4.00E-02
3.22E-02,2.39E-03,5.41E-02,4.00E-02,-4.00E-02,4.00E-02,3.42E-02,4.08E-04,4.63E-02,4.50E-01,1.50E-01,4.00E-02
3.22E-02,2.39E-03,5.41E-02,4.00E-02,-4.00E-02,4.00E-02,3.42E-02,4.08E-04,4.63E-02,4.50E-01,1.50E-01,4.00E-02
3.22E-02,2.39E-03,5.41E-02,4.00E-02,-4.00E-02,4.00E-02,3.42E-02,4.08E-04,4.63E-02,4.50E-01,1.50E-01,4.00E-02
3.22E-02,2.39E-03,5.41E-02,4.00E-02,-4.00E-02,4.00E-02,3.42E-02,4.08E-04,4.63E-02,4.50E-01,1.50E-01,4.00E-02
3.22E-02,2.39E-03,5.41E-02,4.00E-02,-4.00E-02,4.00E-02,3.42E-02,4.08E-04,4.63E-02,4.50E-01,1.50E-01,4.00E-02
3.22E-02,2.39E-03,5.41E-02,4.00E-02,-4.00E-02,4.00E-02,3.42E-02,4.08E-04,4.63E-02,4.50E-01,1.50E-01,4.00E-02
3.22E-02,2.39E-03,5.41E-02,4.00E-02,-4.00E-02,4.00E-02,3.42E-02,4.08E-04,4.63E-02,4.50E-01,1.50E-01,4.00E-02
3.22E-02,2.39E-03,5.41E-02,4.00E-02,-4.00E-02,4.00E-02,3.42E-02,4.08E-04,4.63E-02,4.50E-01,1.50E-01,4.00E-02
3.22E-02,2.39E-03,5.41E-02,4.00E-02,-4.00E-02,4.00E-02,3.42E-02,4.08E-04,4.63E-02,4.50E-01,1.50E-01,4.00E-02
3.22E-02,2.39E-03,5.41E-02,4.00E-02,-4.00E-02,4.00E-02,3.42E-02,4.08E-04,4.63E-02,4.50E-01,1.50E-01,4.00E-02
3.22E-02,2.39E-03,5.41E-02,4.00E-02,-4.00E-02,4.00E-02,3.42E-02,4.08E-04,4.63E-02,4.50E-01,1.50E-01,4.00E-02
3.22E-02,2.39E-03,5.41E-02,4.00E-02,-4.00E-02,4.00E-02,3.42E-02,4.08E-04,4.63E-02,4.50E-01,1.50E-01,4.00E-02
3.22E-02,2.39E-03,5.41E-02,4.00E-02,-4.00E-02,4.00E-02,3.42E-02,4.08E-04,4.63E-02,4.50E-01,1.50E-01,4.00E-02
3.22E-02,2.39E-03,5.41E-02,4.00E-02,-4.00E-02,4.00E-02,3.42E-02,4.08E-04,4.63E-02,4.50E-01,1.50E-01,4.00E-02
3.22E-02,2.39E-03,5.41E-02,4.00E-02,-4.00E-02,4.00E-02,3.42E-02,4.08E-04,4.63E-02,4.50E-01,1.50E-01,4.00E-02
3.22E-02,2.39E-03,5.41E-02,4.00E-02,-4.00E-02,4.00E-02,3.42E-02,4.08E-04,4.63E-02,4.50E-01,1.50E-01,4.00E-02
3.22E-02,2.39E-03,5.41E-02,4.00E-02,-4.00E-02,4.00E-02,3.42E-02,4.08E-04,4.63E-02,4.50E-01,1.50E-01,4.00E-02
3.22E-02,2.39E-03,5.41E-02,4.00E-02,-4.00E-02,4.00E-02,3.42E-02,4.08E-04,4.63E-02,4.50E-01,1.50E-01,4.00E-02
3.22E-02,2.39E-03,5.41E-02,4.00E-02,-4.00E-02,4.00E-02,3.42E-02,4.08E-04,4.63E-02,4.50E-01,1.50E-01,4.00E-02
3.22E-02,2.39E-03,5.41E-02,4.00E-02,-4.00E-02,4.00E-02,3.42E-02,4.08E-04,4.63E-02,4.50E-01,1.50E-01,4.00E-02
3.22E-02,2.39E-03,5.41E-02,4.00E-02,-4.00E-02,4.00E-02,3.42E-02,4.08E-04,4.63E-02,4.50E-01,1.50E-01,4.00E-02
3.22E-02,2.39E-03,5.41E-02,4.00E-02,-4.00E-02,4.00E-02,3.42E-02,4.08E-04,4.63E-02,4.50E-01,1.50E-01,4.00E-02
3.22E-02,2.39E-03,5.41E-02,4.00E-02,-4.00E-02,4.00E-02,3.42E-02,4.08E-04,4.63E-02,4.50E-01,1.50E-01,4.00E-02
3.22E-02,2.39E-03,5.41E-02,4.00E-02,-4.00E-02,4.00E-02,3.42E-02,4.08E-04,4.63E-02,4.50E-01,1.50E-01,4.00E-02
3.22E-02,2.39E-03,5.41E-02,4.00E-02,-4.00E-02,4.00E-02,3.42E-02,4.08E-04,4.63E-02,5.00E-01,1.00E-01,3.50E-02
-1.78E-02,5.24E-02,5.47E-02,4.00E-02,-4.00E-02,4.00E-02,-2.84E-03,4.81E-02,4.65E-02,5.00E-01,1.00E-01,3.95E-02
-1.78E-02,5.24E-02,5.42E-02,4.00E-02,-4.00E-02,4.00E-02,-2.84E-03,4.81E-02,4.63E-02,5.00E-01,1.00E-01,3.99E-02
-1.78E-02,5.24E-02,5.41E-02,4.00E-02,-4.00E-02,4.00E-02,-2.84E-03,4.81E-02,4.63E-02,5.00E-01,1.00E-01,4.00E-02
-1.78E-02,5.24E-02,5.41E-02,4.00E-02,-4.00E-02,4.00E-02,-2.84E-03,4.81E-02,4.63E-02,5.00E-01,1.00E-01,4.00E-02
-1.78E-02,5.24E-02,5.41E-02,4.00E-02,-4.00E-02,4.00E-02,-2.84E-03,4.81E-02,4.63E-02,5.00E-01,1.00E-01,4.00E-02
-1.78E-02,5.24E-02,5.41E-02,4.00E-02,-4.00E-02,4.00E-02,-2.84E-03,4.81E-02,4.63E-02,5.00E-01,1.00E-01,4.00E-02
-1.78E-02,5.24E-02,5.41E-02,4.00E-02,-4.00E-02,4.00E-02,-2.84E-03,4.81E-02,4.63E-02,5.00E-01,1.00E-01,4.00E-02
-1.78E-02,5.24E-02,5.41E-02,4.00E-02,-4.00E-02,4.00E-02,-2.84E-03,4.81E-02,4.63E-02,5.00E-01,1.00E-01,4.00E-02
-1.78E-02,5.24E-02,5.41E-02,4.00E-02,-4.00E-02,4.00E-02,-2.84E-03,4.81E-02,4.63E-02,5.00E-01,1.00E-01,4.00E-02
-1.78E-02,5.24E-02,5.41E-02,4.00E-02,-4.00E-02,4.00E-02,-2.84E-03,4.81E-02,4.63E-02,5.00E-01,1.00E-01,4.00E-02
3.59E-02,-2.53E-03,5.41E-02,4.00E-02,-4.00E-02,4.00E-02,3.69E-02,-4.28E-03,4.62E-02,5.00E-01,1.00E-01,4.00E-02
3.59E-02,-2.53E-03,5.41E-02,4.00E-02,-4.00E-02,4.00E-02,3.69E-02,-4.28E-03,4.62E-02,5.00E-01,1.00E-01,4.00E-02
3.59E-02,-2.53E-03,5.41E-02,4.00E-02,-4.00E-02,4.00E-02,3.69E-02,-4.28E-03,4.62E-02,5.00E-01,1.00E-01,4.00E-02
3.59E-02,-2.53E-03,5.41E-02,4.00E-02,-4.00E-02,4.00E-02,3.69E-02,-4.28E-03,4.62E-02,5.00E-01,1.00E-01,4.00E-02
3.59E-02,-2.53E-03,5.41E-02,4.00E-02,-4.00E-02,4.00E-02,3.69E-02,-4.28E-03,4.62E-02,5.00E-01,1.00E-01,4.00E-02
3.59E-02,-2.53E-03,5.41E-02,4.00E-02,-4.00E-02,4.00E-02,3.69E-02,-4.28E-03,4.62E-02,5.00E-01,1.00E-01,4.00E-02
3.59E-02,-2.53E-03,5.41E-02,4.00E-02,-4.00E-02,4.00E-02,3.69E-02,-4.28E-03,4.62E-02,5.00E-01,1.00E-01,4.00E-02
3.59E-02,-2.53E-03,5.41E-02,4.00E-02,-4.00E-02,4.00E-02,3.69E-02,-4.28E-03,4.62E-02,5.00E-01,1.00E-01,4.00E-02
3.59E-02,-2.53E-03,5.41E-02,4.00E-02,-4.00E-02,4.00E-02,3.69E-02,-4.28E-03,4.62E-02,5.00E-01,1.00E-01,4.00E-02
3.59E-02,-2.53E-03,5.41E-02,4.00E-02,-4.00E-02,4.00E-02,3.69E-02,-4.28E-03,4.62E-02,5.00E-01,1.00E-01,4.00E-02
3.59E-02,-2.53E-03,5.41E-02,4.00E-02,-4.00E-02,4.00E-02,3.69E-02,-4.28E-03,4.62E-02,5.00E-01,1.00E-01,4.00E-02
3.59E-02,-2.53E-03,5.41E-02,4.00E-02,-4.00E-02,4.00E-02,3.69E-02,-4.28E-03,4.62E-02,5.00E-01,1.00E-01,4.00E-02
3.59E-02,-2.53E-03,5.41E-02,4.00E-02,-4.00E-02,4.00E-02,3.69E-02,-4.28E-03,4.62E-02,5.00E-01,1.00E-01,4.00E-02
3.59E-02,-2.53E-03,5.41E-02,4.00E-02,-4.00E-02,4.00E-02,3.69E-02,-4.28E-03,4.62E-02,5.00E-01,1.00E-01,4.00E-02
3.59E-02,-2.53E-03,5.41E-02,4.00E-02,-4.00E-02,4.00E-02,3.69E-02,-4.28E-03,4.62E-02,5.00E-01,1.00E-01,4.00E-02
3.59E-02,-2.53E-03,5.41E-02,4.00E-02,-4.00E-02,4.00E-02,3.69E-02,-4.28E-03,4.62E-02,5.00E-01,1.00E-01,4.00E-02
3.59E-02,-2.53E-03,5.41E-02,4.00E-02,-4.00E-02,4.00E-02,3.69E-02,-4.28E-03,4.62E-02,5.00E-01,1.00E-01,4.00E-02
3.59E-02,-2.53E-03,5.41E-02,4.00E-02,-4.00E-02,4.00E-02,3.69E-02,-4.28E-03,4.62E-02,5.00E-01,1.00E-01,4.00E-02
3.59E-02,-2.53E-03,5.41E-02,4.00E-02,-4.00E-02,4.00E-02,3.69E-02,-4.28E-03,4.62E-02,5.00E-01,1.00E-01,4.00E-02
3.59E-02,-2.53E-03,5.41E-02,4.00E-02,-4.00E-02,4.00E-02,3.69E-02,-4.28E-03,4.62E-02,5.00E-01,1.00E-01,4.00E-02
3.59E-02,-2.53E-03,5.41E-02,4.00E-02,-4.00E-02,4.00E-02,3.69E-02,-4.28E-03,4.62E-02,5.00E-01,1.00E-01,4.00E-02
3.59E-02,-2.53E-03,5.41E-02,4.00E-02,-4.00E-02,4.00E-02,3.69E-02,-4.28E-03,4.62E-02,5.00E-01,1.00E-01,4.00E-02
3.59E-02,-2.53E-03,5.41E-02,4.00E-02,-4.00E-02,4.00E-02,3.69E-02,-4.28E-03,4.62E-02,5.00E-01,1.00E-01,4.00E-02
3.59E-02,-2.53E-03,5.41E-02,4.00E-02,-4.00E-02,4.00E-02,3.69E-02,-4.28E-03,4.62E-02,5.00E-01,1.00E-01,4.00E-02
3.59E-02,-2.53E-03,5.41E-02,4.00E-02,-4.00E-02,4.00E-02,3.69E-02,-4.28E-03,4.62E-02,5.00E-01,1.00E-01,4.00E-02
3.59E-02,-2.53E-03,5.41E-02,4.00E-02,-4.00E-02,4.00E-02,3.69E-02,-4.28E-03,4.62E-02,5.00E-01,1.00E-01,4.00E-02
3.59E-02,-2.53E-03,5.41E-02,4.00E-02,-4.00E-02,4.00E-02,3.69E-02,-4.28E-03,4.62E-02,5.00E-01,1.00E-01,4.00E-02
3.59E-02,-2.53E-03,5.41E-02,4.00E-02,-4.00E-02,4.00E-02,3.69E-02,-4.28E-03,4.62E-02,5.00E-01,1.00E-01,4.00E-02
3.59E-02,-2.53E-03,5.41E-02,4.00E-02,-4.00E-02,4.00E-02,3.69E-02,-4.28E-03,4.62E-02,5.00E-01,1.00E-01,4.00E-02
3.59E-02,-2.53E-03,5.41E-02,4.00E-02,-4.00E-02,4.00E-02,3.69E-02,-4.28E-03,4.62E-02,5.00E-01,1.00E-01,4.00E-02
3.59E-02,-2.53E-03,5.41E-02,4.00E-02,-4.00E-02,4.00E-02,3.69E-02,-4.28E-03,4.62E-02,5.00E-01,1.00E-01,4.00E-02
3.59E-02,-2.53E-03,5.41E-02,4.00E-02,-4.00E-02,4.00E-02,3.69E-02,-4.28E-03,4.62E-02,5.00E-01,1.00E-01,4.00E-02
3.59E-02,-2.53E-03,5.41E-02,4.00E-02,-4.00E-02,4.00E-02,3.69E-02,-4.28E-03,4.62E-02,5.00E-01,1.00E-01,4.00E-02
3.59E-02,-2.53E-03,5.41E-02,4.00E-02,-4.00E-02,4.00E-02,3.69E-02,-4.28E-03,4.62E-02,5.00E-01,1.00E-01,4.00E-02
3.59E-02,-2.53E-03,5.41E-02,4.00E-02,-4.00E-02,4.00E-02,3.69E-02,-4.28E-03,4.62E-02,5.00E-01,1.00E-01,4.00E-02
3.59E-02,-2.53E-03,5.41E-02,4.00E-02,-4.00E-02,4.00E-02,3.69E-02,-4.28E-03,4.62E-02,5.00E-01,1.00E-01,4.00E-02
3.59E-02,-2.53E-03,5.41E-02,4.00E-02,-4.00E-02,4.00E-02,3.69E-02,-4.28E-03,4.62E-02,5.00E-01,1.00E-01,4.00E-02
3.59E-02,-2.53E-03,5.41E-02,4.00E-02,-4.00E-02,4.00E-02,3.69E-02,-4.28E-03,4.62E-02,5.00E-01,1.00E-01,4.00E-02
3.59E-02,-2.53E-03,5.41E-02,4.00E-02,-4.00E-02,4.00E-02,3.69E-02,-4.28E-03,4.62E-02,5.00E-01,1.00E-01,4.00E-02
3.59E-02,-2.53E-03,5.41E-02,4.00E-02,-4.00E-02,4.00E-02,3.69E-02,-4.28E-03,4.62E-02,5.00E-01,1.00E-01,4.00E-02
3.59E-02,-2.53E-03,5.41E-02,4.00E-02,-4.00E-02,4.00E-02,3.69E-02,-4.28E-03,4.62E-02,5.00E-01,1.00E-01,4.00E-02
3.59E-02,-2.53E-03,5.41E-02,4.00E-02,-4.00E-02,4.00E-02,3.69E-02,-4.28E-03,4.62E-02,5.00E-01,1.00E-01,4.00E-02
3.59E-02,-2.53E-03,5.41E-02,4.00E-02,-4.00E-02,4.00E-02,3.69E-02,-4.28E-03,4.62E-02,5.00E-01,1.00E-01,4.00E-02
3.59E-02,-2.53E-03,5.41E-02,4.00E-02,-4.00E-02,4.00E-02,3.69E-02,-4.28E-03,4.62E-02,5.00E-01,1.00E-01,4.00E-02
3.59E-02,-2.53E-03,5.41E-02,4.00E-02,-4.00E-02,4.00E-02,3.69E-02,-4.28E-03,4.62E-02,5.00E-01,1.00E-01,4.00E-02
3.59E-02,-2.53E-03,5.41E-02,4.00E-02,-4.00E-02,4.00E-02,3.69E-02,-4.28E-03,4.62E-02,5.00E-01,1.00E-01,4.00E-02
3.59E-02,-2.53E-03,5.41E-02,4.00E-02,-4.00E-02,4.00E-02,3.69E-02,-4.28E-03,4.62E-02,5.00E-01,1.00E-01,4.00E-02
3.59E-02,-2.53E-03,5.41E-02,4.00E-02,-4.00E-02,4.00E-02,3.69E-02,-4.28E-03,4.62E-02,5.00E-01,1.00E-01,4.00E-02
3.59E-02,-2.53E-03,5.41E-02,4.00E-02,-4.00E-02,4.00E-02,3.69E-02,-4.28E-03,4.62E-02,5.00E-01,1.00E-01,4.00E-02
3.59E-02,-2.53E-03,5.41E-02,4.00E-02,-4.00E-02,4.00E-02,3.69E-02,-4.28E-03,4.62E-02,5.50E-01,1.00E-01,3.50E-02
-1.41E-02,-2.53E-03,5.46E-02,4.00E-02,-4.00E-02,4.00E-02,-1.23E-04,-4.28E-03,4.65E-02,5.50E-01,1.00E-01,3.95E-02
-1.41E-02,-2.53E-03,5.41E-02,4.00E-02,-4.00E-02,4.00E-02,-1.23E-04,-4.28E-03,4.63E-02,5.50E-01,1.00E-01,3.99E-02
-1.41E-02,-2.53E-03,5.41E-02,4.00E-02,-4.00E-02,4.00E-02,-1.23E-04,-4.28E-03,4.62E-02,5.50E-01,1.00E-01,4.00E-02
-1.41E-02,-2.53E-03,5.41E-02,4.00E-02,-4.00E-02,4.00E-02,-1.23E-04,-4.28E-03,4.62E-02,5.50E-01,1.00E-01,4.00E-02
-1.41E-02,-2.53E-03,5.41E-02,4.00E-02,-4.00E-02,4.00E-02,-1.23E-04,-4.28E-03,4.62E-02,5.50E-01,1.00E-01,4.00E-02
-1.41E-02,-2.53E-03,5.41E-02,4.00E-02,-4.00E-02,4.00E-02,-1.23E-04,-4.28E-03,4.62E-02,5.50E-01,1.00E-01,4.00E-02
-1.41E-02,-2.53E-03,5.41E-02,4.00E-02,-4.00E-02,4.00E-02,-1.23E-04,-4.28E-03,4.62E-02,5.50E-01,1.00E-01,4.00E-02
-1.41E-02,-2.53E-03,5.41E-02,4.00E-02,-4.00E-02,4.00E-02,-1.23E-04,-4.28E-03,4.62E-02,5.50E-01,1.00E-01,4.00E-02
-1.41E-02,-2.53E-03,5.41E-02,4.00E-02,-4.00E-02,4.00E-02,-1.23E-04,-4.28E-03,4.62E-02,5.50E-01,1.00E-01,4.00E-02
-1.41E-02,-2.53E-03,5.41E-02,4.00E-02,-4.00E-02,4.00E-02,-1.23E-04,-4.28E-03,4.62E-02,5.50E-01,1.00E-01,4.00E-02
-1.41E-02,-2.53E-03,5.41E-02,4.00E-02,-4.00E-02,4.00E-02,-1.23E-04,-4.28E-03,4.62E-02,5.50E-01,1.00E-01,4.00E-02
3.84E-02,-9.65E-03,5.40E-02,4.00E-02,-4.00E-02,4.00E-02,3.88E-02,-1.11E-02,4.62E-02,5.50E-01,1.00E-01,4.00E-02
3.84E-02,-9.65E-03,5.40E-02,4.00E-02,-4.00E-02,4.00E-02,3.88E-02,-1.11E-02,4.62E-02,5.50E-01,1.00E-01,4.00E-02
3.84E-02,-9.65E-03,5.40E-02,4.00E-02,-4.00E-02,4.00E-02,3.88E-02,-1.11E-02,4.62E-02,5.50E-01,1.00E-01,4.00E-02
3.84E-02,-9.65E-03,5.40E-02,4.00E-02,-4.00E-02,4.00E-02,3.88E-02,-1.11E-02,4.62E-02,5.50E-01,1.00E-01,4.00E-02
3.84E-02,-9.65E-03,5.40E-02,4.00E-02,-4.00E-02,4.00E-02,3.88E-02,-1.11E-02,4.62E-02,5.50E-01,1.00E-01,4.00E-02
3.84E-02,-9.65E-03,5.40E-02,4.00E-02,-4.00E-02,4.00E-02,3.88E-02,-1.11E-02,4.62E-02,5.50E-01,1.00E-01,4.00E-02
3.84E-02,-9.65E-03,5.40E-02,4.00E-02,-4.00E-02,4.00E-02,3.88E-02,-1.11E-02,4.62E-02,5.50E-01,1.00E-01,4.00E-02
3.84E-02,-9.65E-03,5.40E-02,4.00E-02,-4.00E-02,4.00E-02,3.88E-02,-1.11E-02,4.62E-02,5.50E-01,1.00E-01,4.00E-02
3.84E-02,-9.65E-03,5.40E-02,4.00E-02,-4.00E-02,4.00E-02,3.88E-02,-1.11E-02,4.62E-02,5.50E-01,1.00E-01,4.00E-02
3.84E-02,-9.65E-03,5.40E-02,4.00E-02,-4.00E-02,4.00E-02,3.88E-02,-1.11E-02,4.62E-02,5.50E-01,1.00E-01,4.00E-02
3.84E-02,-9.65E-03,5.40E-02,4.00E-02,-4.00E-02,4.00E-02,3.88E-02,-1.11E-02,4.62E-02,5.50E-01,1.00E-01,4.00E-02
3.84E-02,-9.65E-03,5.40E-02,4.00E-02,-4.00E-02,4.00E-02,3.88E-02,-1.11E-02,4.62E-02,5.50E-01,1.00E-01,4.00E-02
3.84E-02,-9.65E-03,5.40E-02,4.00E-02,-4.00E-02,4.00E-02,3.88E-02,-1.11E-02,4.62E-02,5.50E-01,1.00E-01,4.00E-02
3.84E-02,-9.65E-03,5.40E-02,4.00E-02,-4.00E-02,4.00E-02,3.88E-02,-1.11E-02,4.62E-02,5.50E-01,1.00E-01,4.00E-02
3.84E-02,-9.65E-03,5.40E-02,4.00E-02,-4.00E-02,4.00E-02,3.88E-02,-1.11E-02,4.62E-02,5.50E-01,1.00E-01,4.00E-02
3.84E-02,-9.65E-03,5.40E-02,4.00E-02,-4.00E-02,4.00E-02,3.88E-02,-1.11E-02,4.62E-02,5.50E-01,1.00E-01,4.00E-02
3.84E-02,-9.65E-03,5.40E-02,4.00E-02,-4.00E-02,4.00E-02,3.88E-02,-1.11E-02,4.62E-02,5.50E-01,1.00E-01,4.00E-02
3.84E-02,-9.65E-03,5.40E-02,4.00E-02,-4.00E-02,4.00E-02,3.88E-02,-1.11E-02,4.62E-02,5.50E-01,1.00E-01,4.00E-02
3.84E-02,-9.65E-03,5.40E-02,4.00E-02,-4.00E-02,4.00E-02,3.88E-02,-1.11E-02,4.62E-02,5.50E-01,1.00E-01,4.00E-02
3.84E-02,-9.65E-03,5.40E-02,4.00E-02,-4.00E-02,4.00E-02,3.88E-02,-1.11E-02,4.62E-02,5.50E-01,1.00E-01,4.00E-02
3.84E-02,-9.65E-03,5.40E-02,4.00E-02,-4.00E-02,4.00E-02,3.88E-02,-1.11E-02,4.62E-02,5.50E-01,1.00E-01,4.00E-02
3.84E-02,-9.65E-03,5.40E-02,4.00E-02,-4.00E-02,4.00E-02,3.88E-02,-1.11E-02,4.62E-02,5.50E-01,1.00E-01,4.00E-02
3.84E-02,-9.65E-03,5.40E-02,4.00E-02,-4.00E-02,4.00E-02,3.88E-02,-1.11E-02,4.62E-02,5.50E-01,1.00E-01,4.00E-02
3.84E-02,-9.65E-03,5.40E-02,4.00E-02,-4.00E-02,4.00E-02,3.88E-02,-1.11E-02,4.62E-02,5.50E-01,1.00E-01,4.00E-02
3.84E-02,-9.65E-03,5.40E-02,4.00E-02,-4.00E-02,4.00E-02,3.88E-02,-1.11E-02,4.62E-02,5.50E-01,1.00E-01,4.00E-02
3.84E-02,-9.65E-03,5.40E-02,4.00E-02,-4.00E-02,4.00E-02,3.88E-02,-1.11E-02,4.62E-02,5.50E-01,1.00E-01,4.00E-02
3.84E-02,-9.65E-03,5.40E-02,4.00E-02,-4.00E-02,4.00E-02,3.88E-02,-1.11E-02,4.62E-02,5.50E-01,1.00E-01,4.00E-02
3.84E-02,-9.65E-03,5.40E-02,4.00E-02,-4.00E-02,4.00E-02,3.88E-02,-1.11E-02,4.62E-02,5.50E-01,1.00E-01,4.00E-02
3.84E-02,-9.65E-03,5.40E-02,4.00E-02,-4.00E-02,4.00E-02,3.88E-02,-1.11E-02,4.62E-02,5.50E-01,1.00E-01,4.00E-02
3.84E-02,-9.65E-03,5.40E-02,4.00E-02,-4.00E-02,4.00E-02,3.88E-02,-1.11E-02,4.62E-02,5.50E-01,1.00E-01,4.00E-02
3.84E-02,-9.65E-03,5.40E-02,4.00E-02,-4.00E-02,4.00E-02,3.88E-02,-1.11E-02,4.62E-02,5.50E-01,1.00E-01,4.00E-02
3.84E-02,-9.65E-03,5.40E-02,4.00E-02,-4.00E-02,4.00E-02,3.88E-02,-1.11E-02,4.62E-02,5.50E-01,1.00E-01,4.00E-02
3.84E-02,-9.65E-03,5.40E-02,4.00E-02,-4.00E-02,4.00E-02,3.88E-02,-1.11E-02,4.62E-02,5.50E-01,1.00E-01,4.00E-02
3.84E-02,-9.65E-03,5.40E-02,4.00E-02,-4.00E-02,4.00E-02,3.88E-02,-1.11E-02,4.62E-02,5.50E-01,1.00E-01,4.00E-02
3.84E-02,-9.65E-03,5.40E-02,4.00E-02,-4.00E-02,4.00E-02,3.88E-02,-1.11E-02,4.62E-02,5.50E-01,1.00E-01,4.00E-02
3.84E-02,-9.65E-03,5.40E-02,4.00E-02,-4.00E-02,4.00E-02,3.88E-02,-1.11E-02,4.62E-02,5.50E-01,1.00E-01,4.00E-02
3.84E-02,-9.65E-03,5.40E-02,4.00E-02,-4.00E-02,4.00E-02,3.88E-02,-1.11E-02,4.62E-02,5.50E-01,1.00E-01,4.00E-02
3.84E-02,-9.65E-03,5.40E-02,4.00E-02,-4.00E-02,4.00E-02,3.88E-02,-1.11E-02,4.62E-02,5.50E-01,1.00E-01,4.00E-02
3.84E-02,-9.65E-03,5.40E-02,4.00E-02,-4.00E-02,4.00E-02,3.88E-02,-1.11E-02,4.62E-02,5.50E-01,1.00E-01,4.00E-02
3.84E-02,-9.65E-03,5.40E-02,4.00E-02,-4.00E-02,4.00E-02,3.88E-02,-1.11E-02,4.62E-02,5.50E-01,1.00E-01,4.00E-02
3.84E-02,-9.65E-03,5.40E-02,4.00E-02,-4.00E-02,4.00E-02,3.88E-02,-1.11E-02,4.62E-02,5.50E-01,1.00E-01,4.00E-02
3.84E-02,-9.65E-03,5.40E-02,4.00E-02,-4.00E-02,4.00E-02,3.88E-02,-1.11E-02,4.62E-02,5.50E-01,1.00E-01,4.00E-02
3.84E-02,-9.65E-03,5.40E-02,4.00E-02,-4.00E-02,4.00E-02,3.88E-02,-1.11E-02,4.62E-02,5.50E-01,1.00E-01,4.00E-02
3.84E-02,-9.65E-03,5.40E-02,4.00E-02,-4.00E-02,4.00E-02,3.88E-02,-1.11E-02,4.62E-02,5.50E-01,1.00E-01,4.00E-02
3.84E-02,-9.65E-03,5.40E-02,4.00E-02,-4.00E-02,4.00E-02,3.88E-02,-1.11E-02,4.62E-02,5.50E-01,1.00E-01,4.00E-02
3.84E-02,-9.65E-03,5.40E-02,4.00E-02,-4.00E-02,4.00E-02,3.88E-02,-1.11E-02,4.62E-02,5.50E-01,1.00E-01,4.00E-02
3.84E-02,-9.65E-03,5.40E-02,4.00E-02,-4.00E-02,4.00E-02,3.88E-02,-1.11E-02,4.62E-02,5.50E-01,1.00E-01,4.00E-02
3.84E-02,-9.65E-03,5.40E-02,4.00E-02,-4.00E-02,4.00E-02,3.88E-02,-1.11E-02,4.62E-02,5.50E-01,1.00E-01,4.00E-02
3.84E-02,-9.65E-03,5.40E-02,4.00E-02,-4.00E-02,4.00E-02,3.88E-02,-1.11E-02,4.62E-02,5.50E-01,5.00E-02,3.50E-02
3.84E-02,4.04E-02,5.46E-02,4.00E-02,-4.00E-02,4.00E-02,3.88E-02,3.66E-02,4.65E-02,5.50E-01,5.00E-02,3.95E-02
3.84E-02,4.04E-02,5.41E-02,4.00E-02,-4.00E-02,4.00E-02,3.88E-02,3.66E-02,4.62E-02,5.50E-01,5.00E-02,3.99E-02
3.84E-02,4.04E-02,5.40E-02,4.00E-02,-4.00E-02,4.00E-02,3.88E-02,3.66E-02,4.62E-02,5.50E-01,5.00E-02,4.00E-02
3.84E-02,4.04E-02,5.40E-02,4.00E-02,-4.00E-02,4.00E-02,3.88E-02,3.66E-02,4.62E-02,5.50E-01,5.00E-02,4.00E-02
3.84E-02,4.04E-02,5.40E-02,4.00E-02,-4.00E-02,4.00E-02,3.88E-02,3.66E-02,4.62E-02,5.50E-01,5.00E-02,4.00E-02
3.84E-02,4.04E-02,5.40E-02,4.00E-02,-4.00E-02,4.00E-02,3.88E-02,3.66E-02,4.62E-02,5.50E-01,5.00E-02,4.00E-02
3.84E-02,4.04E-02,5.40E-02,4.00E-02,-4.00E-02,4.00E-02,3.88E-02,3.66E-02,4.62E-02,5.50E-01,5.00E-02,4.00E-02
3.84E-02,4.04E-02,5.40E-02,4.00E-02,-4.00E-02,4.00E-02,3.88E-02,3.66E-02,4.62E-02,5.50E-01,5.00E-02,4.00E-02
3.84E-02,-2.36E-03,5.40E-02,4.00E-02,-4.00E-02,4.00E-02,3.88E-02,-4.11E-03,4.62E-02,5.50E-01,5.00E-02,4.00E-02
3.84E-02,-2.36E-03,5.40E-02,4.00E-02,-4.00E-02,4.00E-02,3.88E-02,-4.11E-03,4.62E-02,5.50E-01,5.00E-02,4.00E-02
3.84E-02,-2.36E-03,5.40E-02,4.00E-02,-4.00E-02,4.00E-02,3.88E-02,-4.11E-03,4.62E-02,5.50E-01,5.00E-02,4.00E-02
3.84E-02,-2.36E-03,5.40E-02,4.00E-02,-4.00E-02,4.00E-02,3.88E-02,-4.11E-03,4.62E-02,5.50E-01,5.00E-02,4.00E-02
3.84E-02,-2.36E-03,5.40E-02,4.00E-02,-4.00E-02,4.00E-02,3.88E-02,-4.11E-03,4.62E-02,5.50E-01,5.00E-02,4.00E-02
3.84E-02,-2.36E-03,5.40E-02,4.00E-02,-4.00E-02,4.00E-02,3.88E-02,-4.11E-03,4.62E-02,5.50E-01,5.00E-02,4.00E-02
3.84E-02,-2.36E-03,5.40E-02,4.00E-02,-4.00E-02,4.00E-02,3.88E-02,-4.11E-03,4.62E-02,5.50E-01,5.00E-02,4.00E-02
3.84E-02,-2.36E-03,5.40E-02,4.00E-02,-4.00E-02,4.00E-02,3.88E-02,-4.11E-03,4.62E-02,5.50E-01,5.00E-02,4.00E-02
3.84E-02,-2.36E-03,5.40E-02,4.00E-02,-4.00E-02,4.00E-02,3.88E-02,-4.11E-03,4.62E-02,5.50E-01,5.00E-02,4.00E-02
3.84E-02,-2.36E-03,5.40E-02,4.00E-02,-4.00E-02,4.00E-02,3.88E-02,-4.11E-03,4.62E-02,5.50E-01,5.00E-02,4.00E-02
3.84E-02,-2.36E-03,5.40E-02,4.00E-02,-4.00E-02,4.00E-02,3.88E-02,-4.11E-03,4.62E-02,5.50E-01,5.00E-02,4.00E-02
3.84E-02,-2.36E-03,5.40E-02,4.00E-02,-4.00E-02,4.00E-02,3.88E-02,-4.11E-03,4.62E-02,5.50E-01,5.00E-02,4.00E-02
3.84E-02,-2.36E-03,5.40E-02,4.00E-02,-4.00E-02,4.00E-02,3.88E-02,-4.11E-03,4.62E-02,5.50E-01,5.00E-02,4.00E-02
3.84E-02,-2.36E-03,5.40E-02,4.00E-02,-4.00E-02,4.00E-02,3.88E-02,-4.11E-03,4.62E-02,5.50E-01,5.00E-02,4.00E-02
3.84E-02,-2.36E-03,5.40E-02,4.00E-02,-4.00E-02,4.00E-02,3.88E-02,-4.11E-03,4.62E-02,5.50E-01,5.00E-02,4.00E-02
3.84E-02,-2.36E-03,5.40E-02,4.00E-02,-4.00E-02,4.00E-02,3.88E-02,-4.11E-03,4.62E-02,5.50E-01,5.00E-02,4.00E-02
3.84E-02,-2.36E-03,5.40E-02,4.00E-02,-4.00E-02,4.00E-02,3.88E-02,-4.11E-03,4.62E-02,5.50E-01,5.00E-02,4.00E-02
3.84E-02,-2.36E-03,5.40E-02,4.00E-02,-4.00E-02,4.00E-02,3.88E-02,-4.11E-03,4.62E-02,5.50E-01,5.00E-02,4.00E-02
3.84E-02,-2.36E-03,5.40E-02,4.00E-02,-4.00E-02,4.00E-02,3.88E-02,-4.11E-03,4.62E-02,5.50E-01,5.00E-02,4.00E-02
3.84E-02,-2.36E-03,5.40E-02,4.00E-02,-4.00E-02,4.00E-02,3.88E-02,-4.11E-03,4.62E-02,5.50E-01,5.00E-02,4.00E-02
3.84E-02,-2.36E-03,5.40E-02,4.00E-02,-4.00E-02,4.00E-02,3.88E-02,-4.11E-03,4.62E-02,5.50E-01,5.00E-02,4.00E-02
3.84E-02,-2.36E-03,5.40E-02,4.00E-02,-4.00E-02,4.00E-02,3.88E-02,-4.11E-03,4.62E-02,5.50E-01,5.00E-02,4.00E-02
3.84E-02,-2.36E-03,5.40E-02,4.00E-02,-4.00E-02,4.00E-02,3.88E-02,-4.11E-03,4.62E-02,5.50E-01,5.00E-02,4.00E-02
3.84E-02,-2.36E-03,5.40E-02,4.00E-02,-4.00E-02,4.00E-02,3.88E-02,-4.11E-03,4.62E-02,5.50E-01,5.00E-02,4.00E-02
3.84E-02,-2.36E-03,5.40E-02,4.00E-02,-4.00E-02,4.00E-02,3.88E-02,-4.11E-03,4.62E-02,5.50E-01,5.00E-02,4.00E-02
3.84E-02,-2.36E-03,5.40E-02,4.00E-02,-4.00E-02,4.00E-02,3.88E-02,-4.11E-03,4.62E-02,5.50E-01,5.00E-02,4.00E-02
3.84E-02,-2.36E-03,5.40E-02,4.00E-02,-4.00E-02,4.00E-02,3.88E-02,-4.11E-03,4.62E-02,5.50E-01,5.00E-02,4.00E-02
3.84E-02,-2.36E-03,5.40E-02,4.00E-02,-4.00E-02,4.00E-02,3.88E-02,-4.11E-03,4.62E-02,5.50E-01,5.00E-02,4.00E-02
3.84E-02,-2.36E-03,5.40E-02,4.00E-02,-4.00E-02,4.00E-02,3.88E-02,-4.11E-03,4.62E-02,5.50E-01,5.00E-02,4.00E-02
3.84E-02,-2.36E-03,5.40E-02,4.00E-02,-4.00E-02,4.00E-02,3.88E-02,-4.11E-03,4.62E-02,5.50E-01,5.00E-02,4.00E-02
3.84E-02,-2.36E-03,5.40E-02,4.00E-02,-4.00E-02,4.00E-02,3.88E-02,-4.11E-03,4.62E-02,5.50E-01,5.00E-02,4.00E-02
3.84E-02,-2.36E-03,5.40E-02,4.00E-02,-4.00E-02,4.00E-02,3.88E-02,-4.11E-03,4.62E-02,5.50E-01,5.00E-02,4.00E-02
3.84E-02,-2.36E-03,5.40E-02,4.00E-02,-4.00E-02,4.00E-02,3.88E-02,-4.11E-03,4.62E-02,5.50E-01,5.00E-02,4.00E-02
3.84E-02,-2.36E-03,5.40E-02,4.00E-02,-4.00E-02,4.00E-02,3.88E-02,-4.11E-03,4.62E-02,5.50E-01,5.00E-02,4.00E-02
3.84E-02,-2.36E-03,5.40E-02,4.00E-02,-4.00E-02,4.00E-02,3.88E-02,-4.11E-03,4.62E-02,5.50E-01,5.00E-02,4.00E-02
3.84E-02,-2.36E-03,5.40E-02,4.00E-02,-4.00E-02,4.00E-02,3.88E-02,-4.11E-03,4.62E-02,5.50E-01,5.00E-02,4.00E-02
3.84E-02,-2.36E-03,5.40E-02,4.00E-02,-4.00E-02,4.00E-02,3.88E-02,-4.11E-03,4.62E-02,5.50E-01,5.00E-02,4.00E-02
3.84E-02,-2.36E-03,5.40E-02,4.00E-02,-4.00E-02,4.00E-02,3.88E-02,-4.11E-03,4.62E-02,5.50E-01,5.00E-02,4.00E-02
3.84E-02,-2.36E-03,5.40E-02,4.00E-02,-4.00E-02,4.00E-02,3.88E-02,-4.11E-03,4.62E-02,5.50E-01,5.00E-02,4.00E-02
3.84E-02,-2.36E-03,5.40E-02,4.00E-02,-4.00E-02,4.00E-02,3.88E-02,-4.11E-03,4.62E-02,5.50E-01,5.00E-02,4.00E-02
3.84E-02,-2.36E-03,5.40E-02,4.00E-02,-4.00E-02,4.00E-02,3.88E-02,-4.11E-03,4.62E-02,5.50E-01,5.00E-02,4.00E-02
3.84E-02,-2.36E-03,5.40E-02,4.00E-02,-4.00E-02,4.00E-02,3.88E-02,-4.11E-03,4.62E-02,5.50E-01,5.00E-02,4.00E-02
3.84E-02,-2.36E-03,5.40E-02,4.00E-02,-4.00E-02,4.00E-02,3.88E-02,-4.11E-03,4.62E-02,5.50E-01,5.00E-02,4.00E-02
3.84E-02,-2.36E-03,5.40E-02,4.00E-02,-4.00E-02,4.00E-02,3.88E-02,-4.11E-03,4.62E-02,5.50E-01,5.00E-02,4.00E-02
3.84E-02,-2.36E-03,5.40E-02,4.00E-02,-4.00E-02,4.00E-02,3.88E-02,-4.11E-03,4.62E-02,5.50E-01,5.00E-02,4.00E-02
3.84E-02,-2.36E-03,5.40E-02,4.00E-02,-4.00E-02,4.00E-02,3.88E-02,-4.11E-03,4.62E-02,5.50E-01,5.00E-02,4.00E-02
3.84E-02,-2.36E-03,5.40E-02,4.00E-02,-4.00E-02,4.00E-02,3.88E-02,-4.11E-03,4.62E-02,5.50E-01,5.00E-02,4.00E-02
3.84E-02,-2.36E-03,5.40E-02,4.00E-02,-4.00E-02,4.00E-02,3.88E-02,-4.11E-03,4.62E-02,5.50E-01,5.00E-02,4.00E-02
3.84E-02,-2.36E-03,5.40E-02,4.00E-02,-4.00E-02,4.00E-02,3.88E-02,-4.11E-03,4.62E-02,5.50E-01,5.00E-02,4.00E-02
3.84E-02,-2.36E-03,5.40E-02,4.00E-02,-4.00E-02,4.00E-02,3.88E-02,-4.11E-03,4.62E-02,5.50E-01,5.00E-02,4.00E-02
3.84E-02,-2.36E-03,5.40E-02,4.00E-02,-4.00E-02,4.00E-02,3.88E-02,-4.11E-03,4.62E-02,5.50E-01,5.00E-02,4.00E-02
3.84E-02,-2.36E-03,5.40E-02,4.00E-02,-4.00E-02,4.00E-02,3.88E-02,-4.11E-03,4.62E-02,6.00E-01,5.00E-02,3.50E-02
-1.17E-02,-2.36E-03,5.46E-02,3.63E-04,-4.00E-02,4.00E-02,-8.55E-03,-4.11E-03,4.65E-02,6.00E-01,5.00E-02,3.95E-02
-1.17E-02,-2.36E-03,5.41E-02,3.63E-04,-4.00E-02,4.00E-02,-8.55E-03,-4.11E-03,4.62E-02,6.00E-01,5.00E-02,3.99E-02
-1.17E-02,-2.36E-03,5.40E-02,3.63E-04,-4.00E-02,4.00E-02,-8.55E-03,-4.11E-03,4.62E-02,6.00E-01,5.00E-02,4.00E-02
-1.17E-02,-2.36E-03,5.40E-02,3.63E-04,-4.00E-02,4.00E-02,-8.55E-03,-4.11E-03,4.62E-02,6.00E-01,5.00E-02,4.00E-02
-1.17E-02,-2.36E-03,5.40E-02,3.63E-04,-4.00E-02,4.00E-02,-8.55E-03,-4.11E-03,4.62E-02,6.00E-01,5.00E-02,4.00E-02
5.04E-02,-4.81E-02,5.39E-02,3.63E-04,-4.00E-02,4.00E-02,3.74E-02,-4.77E-02,4.62E-02,6.00E-01,5.00E-02,4.00E-02
5.04E-02,-4.81E-02,5.39E-02,3.63E-04,-4.00E-02,4.00E-02,3.74E-02,-4.77E-02,4.62E-02,6.00E-01,5.00E-02,4.00E-02
5.04E-02,-4.81E-02,5.39E-02,3.63E-04,-4.00E-02,4.00E-02,3.74E-02,-4.77E-02,4.62E-02,6.00E-01,5.00E-02,4.00E-02
5.04E-02,-4.81E-02,5.39E-02,3.63E-04,-4.00E-02,4.00E-02,3.74E-02,-4.77E-02,4.62E-02,6.00E-01,5.00E-02,4.00E-02
5.04E-02,-4.81E-02,5.39E-02,3.63E-04,-4.00E-02,4.00E-02,3.74E-02,-4.77E-02,4.62E-02,6.00E-01,5.00E-02,4.00E-02
5.04E-02,-4.81E-02,5.39E-02,3.63E-04,-4.00E-02,4.00E-02,3.74E-02,-4.77E-02,4.62E-02,6.00E-01,5.00E-02,4.00E-02
5.04E-02,-4.81E-02,5.39E-02,3.63E-04,-4.00E-02,4.00E-02,3.74E-02,-4.77E-02,4.62E-02,6.00E-01,5.00E-02,4.00E-02
5.04E-02,-4.81E-02,5.39E-02,3.63E-04,-4.00E-02,4.00E-02,3.74E-02,-4.77E-02,4.62E-02,6.00E-01,5.00E-02,4.00E-02
5.04E-02,-4.81E-02,5.39E-02,3.63E-04,-4.00E-02,4.00E-02,3.74E-02,-4.77E-02,4.62E-02,6.00E-01,5.00E-02,4.00E-02
5.04E-02,-4.91E-02,5.39E-02,3.63E-04,-4.00E-02,4.00E-02,3.74E-02,-4.87E-02,4.62E-02,6.00E-01,5.00E-02,4.00E-02
5.04E-02,-4.91E-02,5.39E-02,3.63E-04,-4.00E-02,4.00E-02,3.74E-02,-4.87E-02,4.62E-02,6.00E-01,5.00E-02,4.00E-02
5.04E-02,-4.91E-02,5.39E-02,3.63E-04,-4.00E-02,4.00E-02,3.74E-02,-4.87E-02,4.62E-02,6.00E-01,5.00E-02,4.00E-02
5.04E-02,-4.91E-02,5.39E-02,3.63E-04,-4.00E-02,4.00E-02,3.74E-02,-4.87E-02,4.62E-02,6.00E-01,5.00E-02,4.00E-02
5.04E-02,-4.91E-02,5.39E-02,3.63E-04,-4.00E-02,4.00E-02,3.74E-02,-4.87E-02,4.62E-02,6.00E-01,5.00E-02,4.00E-02
5.04E-02,-4.91E-02,5.39E-02,3.63E-04,-4.00E-02,4.00E-02,3.74E-02,-4.87E-02,4.62E-02,6.00E-01,5.00E-02,4.00E-02
5.04E-02,-4.91E-02,5.39E-02,3.63E-04,-4.00E-02,4.00E-02,3.74E-02,-4.87E-02,4.62E-02,6.00E-01,5.00E-02,4.00E-02
5.04E-02,-4.91E-02,5.39E-02,3.63E-04,-4.00E-02,4.00E-02,3.74E-02,-4.87E-02,4.62E-02,6.00E-01,5.00E-02,4.00E-02
5.04E-02,-4.91E-02,5.39E-02,3.63E-04,-4.00E-02,4.00E-02,3.74E-02,-4.87E-02,4.62E-02,6.00E-01,5.00E-02,4.00E-02
5.04E-02,-4.91E-02,5.39E-02,3.63E-04,-4.00E-02,4.00E-02,3.74E-02,-4.87E-02,4.62E-02,6.00E-01,5.00E-02,4.00E-02
5.04E-02,-4.91E-02,5.39E-02,3.63E-04,-4.00E-02,4.00E-02,3.74E-02,-4.87E-02,4.62E-02,6.00E-01,5.00E-02,4.00E-02
5.04E-02,-4.91E-02,5.39E-02,3.63E-04,-4.00E-02,4.00E-02,3.74E-02,-4.87E-02,4.62E-02,6.00E-01,5.00E-02,4.00E-02
5.04E-02,-4.91E-02,5.39E-02,3.63E-04,-4.00E-02,4.00E-02,3.74E-02,-4.87E-02,4.62E-02,6.00E-01,5.00E-02,4.00E-02
5.04E-02,-4.91E-02,5.39E-02,3.63E-04,-4.00E-02,4.00E-02,3.74E-02,-4.87E-02,4.62E-02,6.00E-01,5.00E-02,4.00E-02
5.04E-02,-4.91E-02,5.39E-02,3.63E-04,-4.00E-02,4.00E-02,3.74E-02,-4.87E-02,4.62E-02,6.00E-01,5.00E-02,4.00E-02
5.04E-02,-4.91E-02,5.39E-02,3.63E-04,-4.00E-02,4.00E-02,3.74E-02,-4.87E-02,4.62E-02,6.00E-01,5.00E-02,4.00E-02
5.04E-02,-4.91E-02,5.39E-02,3.63E-04,-4.00E-02,4.00E-02,3.74E-02,-4.87E-02,4.62E-02,6.00E-01,5.00E-02,4.00E-02
5.04E-02,-4.91E-02,5.39E-02,3.63E-04,-4.00E-02,4.00E-02,3.74E-02,-4.87E-02,4.62E-02,6.00E-01,5.00E-02,4.00E-02
5.04E-02,-4.91E-02,5.39E-02,3.63E-04,-4.00E-02,4.00E-02,3.74E-02,-4.87E-02,4.62E-02,6.00E-01,5.00E-02,4.00E-02
5.04E-02,-4.91E-02,5.39E-02,3.63E-04,-4.00E-02,4.00E-02,3.74E-02,-4.87E-02,4.62E-02,6.00E-01,5.00E-02,4.00E-02
5.04E-02,-4.91E-02,5.39E-02,3.63E-04,-4.00E-02,4.00E-02,3.74E-02,-4.87E-02,4.62E-02,6.00E-01,5.00E-02,4.00E-02
5.04E-02,-4.91E-02,5.39E-02,3.63E-04,-4.00E-02,4.00E-02,3.74E-02,-4.87E-02,4.62E-02,6.00E-01,5.00E-02,4.00E-02
5.04E-02,-4.91E-02,5.39E-02,3.63E-04,-4.00E-02,4.00E-02,3.74E-02,-4.87E-02,4.62E-02,6.00E-01,5.00E-02,4.00E-02
5.04E-02,-4.91E-02,5.39E-02,3.63E-04,-4.00E-02,4.00E-02,3.74E-02,-4.87E-02,4.62E-02,6.00E-01,5.00E-02,4.00E-02
5.04E-02,-4.91E-02,5.39E-02,3.63E-04,-4.00E-02,4.00E-02,3.74E-02,-4.87E-02,4.62E-02,6.00E-01,5.00E-02,4.00E-02
5.04E-02,-4.91E-02,5.39E-02,3.63E-04,-4.00E-02,4.00E-02,3.74E-02,-4.87E-02,4.62E-02,6.00E-01,5.00E-02,4.00E-02
5.04E-02,-4.91E-02,5.39E-02,3.63E-04,-4.00E-02,4.00E-02,3.74E-02,-4.87E-02,4.62E-02,6.00E-01,5.00E-02,4.00E-02
5.04E-02,-4.91E-02,5.39E-02,3.63E-04,-4.00E-02,4.00E-02,3.74E-02,-4.87E-02,4.62E-02,6.00E-01,5.00E-02,4.00E-02
5.04E-02,-4.91E-02,5.39E-02,3.63E-04,-4.00E-02,4.00E-02,3.74E-02,-4.87E-02,4.62E-02,6.00E-01,5.00E-02,4.00E-02
5.04E-02,-4.91E-02,5.39E-02,3.63E-04,-4.00E-02,4.00E-02,3.74E-02,-4.87E-02,4.62E-02,6.00E-01,5.00E-02,4.00E-02
5.04E-02,-4.91E-02,5.39E-02,3.63E-04,-4.00E-02,4.00E-02,3.74E-02,-4.87E-02,4.62E-02,6.00E-01,5.00E-02,4.00E-02
5.04E-02,-4.91E-02,5.39E-02,3.63E-04,-4.00E-02,4.00E-02,3.74E-02,-4.87E-02,4.62E-02,6.00E-01,5.00E-02,4.00E-02
5.04E-02,-4.91E-02,5.39E-02,3.63E-04,-4.00E-02,4.00E-02,3.74E-02,-4.87E-02,4.62E-02,6.00E-01,5.00E-02,4.00E-02
5.04E-02,-4.91E-02,5.39E-02,3.63E-04,-4.00E-02,4.00E-02,3.74E-02,-4.87E-02,4.62E-02,6.00E-01,5.00E-02,4.00E-02
5.04E-02,-4.91E-02,5.39E-02,3.63E-04,-4.00E-02,4.00E-02,3.74E-02,-4.87E-02,4.62E-02,6.00E-01,5.00E-02,4.00E-02
5.04E-02,-4.91E-02,5.39E-02,3.63E-04,-4.00E-02,4.00E-02,3.74E-02,-4.87E-02,4.62E-02,6.00E-01,5.00E-02,4.00E-02
5.04E-02,-4.91E-02,5.39E-02,3.63E-04,-4.00E-02,4.00E-02,3.74E-02,-4.87E-02,4.62E-02,6.00E-01,5.00E-02,4.00E-02
5.04E-02,-4.91E-02,5.39E-02,3.63E-04,-4.00E-02,4.00E-02,3.74E-02,-4.87E-02,4.62E-02,6.00E-01,5.00E-02,4.00E-02
5.04E-02,-4.91E-02,5.39E-02,3.63E-04,-4.00E-02,4.00E-02,3.74E-02,-4.87E-02,4.62E-02,6.00E-01,5.00E-02,4.00E-02
5.04E-02,-4.91E-02,5.39E-02,3.63E-04,-4.00E-02,4.00E-02,3.74E-02,-4.87E-02,4.62E-02,6.00E-01,5.00E-02,4.00E-02
5.04E-02,-4.91E-02,5.39E-02,3.63E-04,-4.00E-02,4.00E-02,3.74E-02,-4.87E-02,4.62E-02,6.00E-01,5.00E-02,4.00E-02
5.04E-02,-4.91E-02,5.39E-02,3.63E-04,-4.00E-02,4.00E-02,3.74E-02,-4.87E-02,4.62E-02,6.00E-01,5.00E-02,4.00E-02
5.04E-02,-4.91E-02,5.39E-02,3.63E-04,-4.00E-02,4.00E-02,3.74E-02,-4.87E-02,4.62E-02,6.00E-01,5.00E-02,4.00E-02
5.04E-02,-4.91E-02,5.39E-02,3.63E-04,-4.00E-02,4.00E-02,3.74E-02,-4.87E-02,4.62E-02,6.00E-01,5.00E-02,4.00E-02
5.04E-02,-4.91E-02,5.39E-02,3.63E-04,-4.00E-02,4.00E-02,3.74E-02,-4.87E-02,4.62E-02,6.00E-01,5.00E-02,4.00E-02
5.04E-02,-4.91E-02,5.39E-02,3.63E-04,-4.00E-02,4.00E-02,3.74E-02,-4.87E-02,4.62E-02,6.00E-01,0,3.50E-02
5.04E-02,8.65E-04,5.45E-02,3.63E-04,-7.76E-06,4.00E-02,3.74E-02,8.24E-04,4.64E-02,6.00E-01,7.76E-20,3.95E-02
5.04E-02,8.65E-04,5.40E-02,3.63E-04,-7.76E-06,4.00E-02,3.74E-02,8.24E-04,4.62E-02,6.00E-01,7.14E-20,3.99E-02
5.04E-02,8.65E-04,5.39E-02,3.63E-04,-7.76E-06,4.00E-02,3.74E-02,8.24E-04,4.62E-02,6.00E-01,3.61E-20,4.00E-02
5.04E-02,-6.25E-03,5.34E-02,3.63E-04,-7.76E-06,4.00E-02,3.74E-02,-5.96E-03,4.59E-02,6.00E-01,1.07E-19,4.00E-02
5.04E-02,-6.25E-03,5.34E-02,3.63E-04,-7.76E-06,4.00E-02,3.74E-02,-5.96E-03,4.59E-02,6.00E-01,1.09E-19,4.00E-02
5.04E-02,-6.25E-03,5.34E-02,3.63E-04,-7.76E-06,4.00E-02,3.74E-02,-5.96E-03,4.59E-02,6.00E-01,1.06E-19,4.00E-02
5.04E-02,-6.25E-03,5.34E-02,3.63E-04,-7.76E-06,4.00E-02,3.74E-02,-5.96E-03,4.59E-02,6.00E-01,1.31E-19,4.00E-02
5.04E-02,-6.25E-03,5.34E-02,3.63E-04,-7.76E-06,4.00E-02,3.74E-02,-5.96E-03,4.59E-02,6.00E-01,1.59E-19,4.00E-02
5.04E-02,-6.25E-03,5.34E-02,3.63E-04,-7.76E-06,4.00E-02,3.74E-02,-5.96E-03,4.59E-02,6.00E-01,1.67E-19,4.00E-02
5.04E-02,-6.25E-03,5.34E-02,3.63E-04,-7.76E-06,4.00E-02,3.74E-02,-5.96E-03,4.59E-02,6.00E-01,2.41E-19,4.00E-02
5.04E-02,-6.25E-03,5.34E-02,3.63E-04,-7.76E-06,4.00E-02,3.74E-02,-5.96E-03,4.59E-02,6.00E-01,2.32E-19,4.00E-02
5.04E-02,-6.25E-03,5.34E-02,3.63E-04,-7.76E-06,4.00E-02,3.74E-02,-5.96E-03,4.59E-02,6.00E-01,2.65E-19,4.00E-02
5.04E-02,-6.25E-03,5.34E-02,3.63E-04,-7.76E-06,4.00E-02,3.74E-02,-5.96E-03,4.59E-02,6.00E-01,2.13E-19,4.00E-02
5.04E-02,-6.25E-03,5.39E-02,3.63E-04,-7.76E-06,4.00E-02,3.74E-02,-5.96E-03,4.62E-02,6.00E-01,3.15E-19,4.00E-02
5.04E-02,-6.25E-03,5.39E-02,3.63E-04,-7.76E-06,4.00E-02,3.74E-02,-5.96E-03,4.62E-02,6.00E-01,2.59E-19,4.00E-02
5.04E-02,-6.25E-03,5.39E-02,3.63E-04,-7.76E-06,4.00E-02,3.74E-02,-5.96E-03,4.62E-02,6.00E-01,2.68E-19,4.00E-02
5.04E-02,-6.25E-03,5.39E-02,3.63E-04,-7.76E-06,4.00E-02,3.74E-02,-5.96E-03,4.62E-02,6.00E-01,3.01E-19,4.00E-02
5.04E-02,-6.25E-03,5.39E-02,3.63E-04,-7.76E-06,4.00E-02,3.74E-02,-5.96E-03,4.62E-02,6.00E-01,2.72E-19,4.00E-02
5.04E-02,-6.25E-03,5.39E-02,3.63E-04,-7.76E-06,4.00E-02,3.74E-02,-5.96E-03,4.62E-02,6.00E-01,2.68E-19,4.00E-02
5.04E-02,-6.25E-03,5.39E-02,3.63E-04,-7.76E-06,4.00E-02,3.74E-02,-5.96E-03,4.62E-02,6.00E-01,2.74E-19,4.00E-02
5.04E-02,-6.25E-03,5.39E-02,3.63E-04,-7.76E-06,4.00E-02,3.74E-02,-5.96E-03,4.62E-02,6.00E-01,2.88E-19,4.00E-02
5.04E-02,-6.25E-03,5.39E-02,3.63E-04,-7.76E-06,4.00E-02,3.74E-02,-5.96E-03,4.62E-02,6.00E-01,2.38E-19,4.00E-02
5.04E-02,-6.25E-03,5.39E-02,3.63E-04,-7.76E-06,4.00E-02,3.74E-02,-5.96E-03,4.62E-02,6.00E-01,2.43E-19,4.00E-02
5.04E-02,-6.25E-03,5.39E-02,3.63E-04,-7.76E-06,4.00E-02,3.74E-02,-5.96E-03,4.62E-02,6.00E-01,2.56E-19,4.00E-02
5.04E-02,-6.25E-03,5.39E-02,3.63E-04,-7.76E-06,4.00E-02,3.74E-02,-5.96E-03,4.62E-02,6.00E-01,2.71E-19,4.00E-02
5.04E-02,-6.25E-03,5.39E-02,3.63E-04,-7.76E-06,4.00E-02,3.74E-02,-5.96E-03,4.62E-02,6.00E-01,2.73E-19,4.00E-02
5.04E-02,-6.25E-03,5.39E-02,3.63E-04,-7.76E-06,4.00E-02,3.74E-02,-5.96E-03,4.62E-02,6.00E-01,2.61E-19,4.00E-02
5.04E-02,-6.25E-03,5.39E-02,3.63E-04,-7.76E-06,4.00E-02,3.74E-02,-5.96E-03,4.62E-02,6.00E-01,2.80E-19,4.00E-02
5.04E-02,-6.25E-03,5.39E-02,3.63E-04,-7.76E-06,4.00E-02,3.74E-02,-5.96E-03,4.62E-02,6.00E-01,2.74E-19,4.00E-02
5.04E-02,-6.25E-03,5.39E-02,3.63E-04,-7.76E-06,4.00E-02,3.74E-02,-5.96E-03,4.62E-02,6.00E-01,3.12E-19,4.00E-02
5.04E-02,-6.25E-03,5.39E-02,3.63E-04,-7.76E-06,4.00E-02,3.74E-02,-5.96E-03,4.62E-02,6.00E-01,3.31E-19,4.00E-02
5.04E-02,-6.25E-03,5.39E-02,3.63E-04,-7.76E-06,4.00E-02,3.74E-02,-5.96E-03,4.62E-02,6.00E-01,3.30E-19,4.00E-02
5.04E-02,-6.25E-03,5.39E-02,3.63E-04,-7.76E-06,4.00E-02,3.74E-02,-5.96E-03,4.62E-02,6.00E-01,3.49E-19,4.00E-02
5.04E-02,-6.25E-03,5.39E-02,3.63E-04,-7.76E-06,4.00E-02,3.74E-02,-5.96E-03,4.62E-02,6.00E-01,3.37E-19,4.00E-02
5.04E-02,-6.25E-03,5.39E-02,3.63E-04,-7.76E-06,4.00E-02,3.74E-02,-5.96E-03,4.62E-02,6.00E-01,3.26E-19,4.00E-02
5.04E-02,-6.25E-03,5.39E-02,3.63E-04,-7.76E-06,4.00E-02,3.74E-02,-5.96E-03,4.62E-02,6.00E-01,2.62E-19,4.00E-02
5.04E-02,-6.25E-03,5.39E-02,3.63E-04,-7.76E-06,4.00E-02,3.74E-02,-5.96E-03,4.62E-02,6.00E-01,3.02E-19,4.00E-02
5.04E-02,-6.25E-03,5.39E-02,3.63E-04,-7.76E-06,4.00E-02,3.74E-02,-5.96E-03,4.62E-02,6.00E-01,2.68E-19,4.00E-02
5.04E-02,-6.25E-03,5.39E-02,3.63E-04,-7.76E-06,4.00E-02,3.74E-02,-5.96E-03,4.62E-02,6.00E-01,3.17E-19,4.00E-02
5.04E-02,-6.25E-03,5.39E-02,3.63E-04,-7.76E-06,4.00E-02,3.74E-02,-5.96E-03,4.62E-02,6.00E-01,3.18E-19,4.00E-02
5.04E-02,-6.25E-03,5.39E-02,3.63E-04,-7.76E-06,4.00E-02,3.74E-02,-5.96E-03,4.62E-02,6.00E-01,2.91E-19,4.00E-02
5.04E-02,-6.25E-03,5.39E-02,3.63E-04,-7.76E-06,4.00E-02,3.74E-02,-5.96E-03,4.62E-02,6.00E-01,3.15E-19,4.00E-02
5.04E-02,-6.25E-03,5.39E-02,3.63E-04,-7.76E-06,4.00E-02,3.74E-02,-5.96E-03,4.62E-02,6.00E-01,2.84E-19,4.00E-02
5.04E-02,-6.25E-03,5.39E-02,3.63E-04,-7.76E-06,4.00E-02,3.74E-02,-5.96E-03,4.62E-02,6.00E-01,3.03E-19,4.00E-02
5.04E-02,-6.25E-03,5.39E-02,3.63E-04,-7.76E-06,4.00E-02,3.74E-02,-5.96E-03,4.62E-02,6.00E-01,3.19E-19,4.00E-02
5.04E-02,-6.25E-03,5.39E-02,3.63E-04,-7.76E-06,4.00E-02,3.74E-02,-5.96E-03,4.62E-02,6.00E-01,3.51E-19,4.00E-02
5.04E-02,-6.25E-03,5.39E-02,3.63E-04,-7.76E-06,4.00E-02,3.74E-02,-5.96E-03,4.62E-02,6.00E-01,3.40E-19,4.00E-02
5.04E-02,-6.25E-03,5.39E-02,3.63E-04,-7.76E-06,4.00E-02,3.74E-02,-5.96E-03,4.62E-02,6.00E-01,3.42E-19,4.00E-02
5.04E-02,-6.25E-03,5.39E-02,3.63E-04,-7.76E-06,4.00E-02,3.74E-02,-5.96E-03,4.62E-02,6.00E-01,3.32E-19,4.00E-02
5.04E-02,-6.25E-03,5.39E-02,3.63E-04,-7.76E-06,4.00E-02,3.74E-02,-5.96E-03,4.62E-02,6.00E-01,3.11E-19,4.00E-02
5.04E-02,-6.25E-03,5.39E-02,3.63E-04,-7.76E-06,4.00E-02,3.74E-02,-5.96E-03,4.62E-02,6.00E-01,3.44E-19,4.00E-02
5.04E-02,-6.25E-03,5.39E-02,3.63E-04,-7.76E-06,4.00E-02,3.74E-02,-5.96E-03,4.62E-02,6.00E-01,3.16E-19,4.00E-02
5.04E-02,-6.25E-03,5.39E-02,3.63E-04,-7.76E-06,4.00E-02,3.74E-02,-5.96E-03,4.62E-02,6.00E-01,3.44E-19,4.00E-02
5.04E-02,-6.25E-03,5.39E-02,3.63E-04,-7.76E-06,4.00E-02,3.74E-02,-5.96E-03,4.62E-02,6.00E-01,3.36E-19,4.00E-02
5.04E-02,-6.25E-03,5.39E-02,3.63E-04,-7.76E-06,4.00E-02,3.74E-02,-5.96E-03,4.62E-02,6.00E-01,3.66E-19,4.00E-02
5.04E-02,-6.25E-03,5.39E-02,3.63E-04,-7.76E-06,4.00E-02,3.74E-02,-5.96E-03,4.62E-02,6.00E-01,3.17E-19,4.00E-02
5.04E-02,-6.25E-03,5.39E-02,3.63E-04,-7.76E-06,4.00E-02,3.74E-02,-5.96E-03,4.62E-02,6.00E-01,3.15E-19,4.00E-02
5.04E-02,-6.25E-03,5.39E-02,3.63E-04,-7.76E-06,4.00E-02,3.74E-02,-5.96E-03,4.62E-02,6.00E-01,3.15E-19,4.00E-02
5.04E-02,-6.25E-03,5.39E-02,3.63E-04,-7.76E-06,4.00E-02,3.74E-02,-5.96E-03,4.62E-02,6.00E-01,3.35E-19,4.00E-02
5.04E-02,-6.25E-03,5.39E-02,3.63E-04,-7.76E-06,4.00E-02,3.74E-02,-5.96E-03,4.62E-02,6.00E-01,2.00E-01,3.50E-02
5.04E-02,-2.06E-01,5.45E-02,3.63E-04,-4.00E-02,4.00E-02,3.74E-02,-1.99E-01,4.64E-02,6.00E-01,2.00E-01,3.95E-02
5.04E-02,-2.06E-01,5.40E-02,3.63E-04,-4.00E-02,4.00E-02,3.74E-02,-1.99E-01,4.62E-02,6.00E-01,2.00E-01,3.99E-02
5.04E-02,-2.06E-01,5.39E-02,3.63E-04,-4.00E-02,4.00E-02,3.74E-02,-1.99E-01,4.62E-02,6.00E-01,2.00E-01,4.00E-02
5.04E-02,-2.06E-01,5.39E-02,3.63E-04,-4.00E-02,4.00E-02,3.74E-02,-1.99E-01,4.62E-02,6.00E-01,2.00E-01,4.00E-02
5.02E-02,-7.41E-02,2.19E-02,3.63E-04,-4.00E-02,4.00E-02,3.73E-02,-7.25E-02,3.20E-02,6.00E-01,2.00E-01,4.00E-02
5.02E-02,-7.41E-02,2.19E-02,3.63E-04,-4.00E-02,4.00E-02,3.73E-02,-7.25E-02,3.20E-02,6.00E-01,2.00E-01,4.00E-02
5.02E-02,-7.41E-02,2.19E-02,3.63E-04,-4.00E-02,4.00E-02,3.73E-02,-7.25E-02,3.20E-02,6.00E-01,2.00E-01,4.00E-02
5.02E-02,-7.41E-02,2.19E-02,3.63E-04,-4.00E-02,4.00E-02,3.73E-02,-7.25E-02,3.20E-02,6.00E-01,2.00E-01,4.00E-02
5.02E-02,-7.41E-02,2.19E-02,3.63E-04,-4.00E-02,4.00E-02,3.73E-02,-7.25E-02,3.20E-02,6.00E-01,2.00E-01,4.00E-02
5.02E-02,-7.41E-02,2.19E-02,3.63E-04,-4.00E-02,4.00E-02,3.73E-02,-7.25E-02,3.20E-02,6.00E-01,2.00E-01,4.00E-02
5.02E-02,-7.41E-02,2.19E-02,3.63E-04,-4.00E-02,4.00E-02,3.73E-02,-7.25E-02,3.20E-02,6.00E-01,2.00E-01,4.00E-02
5.02E-02,-7.41E-02,2.19E-02,3.63E-04,-4.00E-02,4.00E-02,3.73E-02,-7.25E-02,3.20E-02,6.00E-01,2.00E-01,4.00E-02
5.02E-02,-7.41E-02,2.19E-02,3.63E-04,-4.00E-02,4.00E-02,3.73E-02,-7.25E-02,3.20E-02,6.00E-01,2.00E-01,4.00E-02
5.02E-02,-7.41E-02,2.19E-02,3.63E-04,-4.00E-02,4.00E-02,3.73E-02,-7.25E-02,3.20E-02,6.00E-01,2.00E-01,4.00E-02
5.02E-02,-7.41E-02,2.19E-02,3.63E-04,-4.00E-02,4.00E-02,3.73E-02,-7.25E-02,3.20E-02,6.00E-01,2.00E-01,4.00E-02
5.02E-02,-7.41E-02,2.19E-02,3.63E-04,-4.00E-02,4.00E-02,3.73E-02,-7.25E-02,3.20E-02,6.00E-01,2.00E-01,4.00E-02
5.02E-02,-7.41E-02,2.19E-02,3.63E-04,-4.00E-02,4.00E-02,3.73E-02,-7.25E-02,3.20E-02,6.00E-01,2.00E-01,4.00E-02
5.02E-02,-7.41E-02,2.19E-02,3.63E-04,-4.00E-02,4.00E-02,3.73E-02,-7.25E-02,3.20E-02,6.00E-01,2.00E-01,4.00E-02
5.02E-02,-7.41E-02,2.19E-02,3.63E-04,-4.00E-02,4.00E-02,3.73E-02,-7.25E-02,3.20E-02,6.00E-01,2.00E-01,4.00E-02
5.02E-02,-7.41E-02,2.19E-02,3.63E-04,-4.00E-02,4.00E-02,3.73E-02,-7.25E-02,3.20E-02,6.00E-01,2.00E-01,4.00E-02
5.02E-02,-7.41E-02,2.19E-02,3.63E-04,-4.00E-02,4.00E-02,3.73E-02,-7.25E-02,3.20E-02,6.00E-01,2.00E-01,4.00E-02
5.02E-02,-7.41E-02,2.19E-02,3.63E-04,-4.00E-02,4.00E-02,3.73E-02,-7.25E-02,3.20E-02,6.00E-01,2.00E-01,4.00E-02
5.02E-02,-7.41E-02,2.19E-02,3.63E-04,-4.00E-02,4.00E-02,3.73E-02,-7.25E-02,3.20E-02,6.00E-01,2.00E-01,4.00E-02
5.02E-02,-7.41E-02,2.19E-02,3.63E-04,-4.00E-02,4.00E-02,3.73E-02,-7.25E-02,3.20E-02,6.00E-01,2.00E-01,4.00E-02
5.02E-02,-7.41E-02,2.19E-02,3.63E-04,-4.00E-02,4.00E-02,3.73E-02,-7.25E-02,3.20E-02,6.00E-01,2.00E-01,4.00E-02
5.02E-02,-7.41E-02,2.19E-02,3.63E-04,-4.00E-02,4.00E-02,3.73E-02,-7.25E-02,3.20E-02,6.00E-01,2.00E-01,4.00E-02
5.02E-02,-7.41E-02,2.19E-02,3.63E-04,-4.00E-02,4.00E-02,3.73E-02,-7.25E-02,3.20E-02,6.00E-01,2.00E-01,4.00E-02
5.02E-02,-7.41E-02,2.19E-02,3.63E-04,-4.00E-02,4.00E-02,3.73E-02,-7.25E-02,3.20E-02,6.00E-01,2.00E-01,4.00E-02
5.02E-02,-7.41E-02,2.19E-02,3.63E-04,-4.00E-02,4.00E-02,3.73E-02,-7.25E-02,3.20E-02,6.00E-01,2.00E-01,4.00E-02
5.02E-02,-7.41E-02,2.19E-02,3.63E-04,-4.00E-02,4.00E-02,3.73E-02,-7.25E-02,3.20E-02,6.00E-01,2.00E-01,4.00E-02
5.02E-02,-7.41E-02,2.19E-02,3.63E-04,-4.00E-02,4.00E-02,3.73E-02,-7.25E-02,3.20E-02,6.00E-01,2.00E-01,4.00E-02
5.02E-02,-7.41E-02,2.19E-02,3.63E-04,-4.00E-02,4.00E-02,3.73E-02,-7.25E-02,3.20E-02,6.00E-01,2.00E-01,4.00E-02
5.02E-02,-7.41E-02,2.19E-02,3.63E-04,-4.00E-02,4.00E-02,3.73E-02,-7.25E-02,3.20E-02,6.00E-01,2.00E-01,4.00E-02
5.02E-02,-7.41E-02,2.19E-02,3.63E-04,-4.00E-02,4.00E-02,3.73E-02,-7.25E-02,3.20E-02,6.00E-01,2.00E-01,4.00E-02
5.02E-02,-7.41E-02,2.19E-02,3.63E-04,-4.00E-02,4.00E-02,3.73E-02,-7.25E-02,3.20E-02,6.00E-01,2.00E-01,4.00E-02
5.02E-02,-7.41E-02,2.19E-02,3.63E-04,-4.00E-02,4.00E-02,3.73E-02,-7.25E-02,3.20E-02,6.00E-01,2.00E-01,4.00E-02
5.02E-02,-7.41E-02,2.19E-02,3.63E-04,-4.00E-02,4.00E-02,3.73E-02,-7.25E-02,3.20E-02,6.00E-01,2.00E-01,4.00E-02
5.02E-02,-7.41E-02,2.19E-02,3.63E-04,-4.00E-02,4.00E-02,3.73E-02,-7.25E-02,3.20E-02,6.00E-01,2.00E-01,4.00E-02
5.02E-02,-7.41E-02,2.19E-02,3.63E-04,-4.00E-02,4.00E-02,3.73E-02,-7.25E-02,3.20E-02,6.00E-01,2.00E-01,4.00E-02
5.02E-02,-7.41E-02,2.19E-02,3.63E-04,-4.00E-02,4.00E-02,3.73E-02,-7.25E-02,3.20E-02,6.00E-01,2.00E-01,4.00E-02
5.02E-02,-7.41E-02,2.19E-02,3.63E-04,-4.00E-02,4.00E-02,3.73E-02,-7.25E-02,3.20E-02,6.00E-01,2.00E-01,4.00E-02
5.02E-02,-7.41E-02,2.19E-02,3.63E-04,-4.00E-02,4.00E-02,3.73E-02,-7.25E-02,3.20E-02,6.00E-01,2.00E-01,4.00E-02
5.02E-02,-7.41E-02,2.19E-02,3.63E-04,-4.00E-02,4.00E-02,3.73E-02,-7.25E-02,3.20E-02,6.00E-01,2.00E-01,4.00E-02
5.02E-02,-7.41E-02,2.19E-02,3.63E-04,-4.00E-02,4.00E-02,3.73E-02,-7.25E-02,3.20E-02,6.00E-01,2.00E-01,4.00E-02
5.02E-02,-7.41E-02,2.19E-02,3.63E-04,-4.00E-02,4.00E-02,3.73E-02,-7.25E-02,3.20E-02,6.00E-01,2.00E-01,4.00E-02
5.02E-02,-7.41E-02,2.19E-02,3.63E-04,-4.00E-02,4.00E-02,3.73E-02,-7.25E-02,3.20E-02,6.00E-01,2.00E-01,4.00E-02
5.02E-02,-7.41E-02,2.19E-02,3.63E-04,-4.00E-02,4.00E-02,3.73E-02,-7.25E-02,3.20E-02,6.00E-01,2.00E-01,4.00E-02
5.02E-02,-7.41E-02,2.19E-02,3.63E-04,-4.00E-02,4.00E-02,3.73E-02,-7.25E-02,3.20E-02,6.00E-01,2.00E-01,4.00E-02
5.02E-02,-7.41E-02,2.19E-02,3.63E-04,-4.00E-02,4.00E-02,3.73E-02,-7.25E-02,3.20E-02,6.00E-01,2.00E-01,4.00E-02
5.02E-02,-7.41E-02,2.19E-02,3.63E-04,-4.00E-02,4.00E-02,3.73E-02,-7.25E-02,3.20E-02,6.00E-01,2.00E-01,4.00E-02
5.02E-02,-7.41E-02,2.19E-02,3.63E-04,-4.00E-02,4.00E-02,3.73E-02,-7.25E-02,3.20E-02,6.00E-01,2.00E-01,4.00E-02
5.02E-02,-7.41E-02,2.19E-02,3.63E-04,-4.00E-02,4.00E-02,3.73E-02,-7.25E-02,3.20E-02,6.00E-01,2.00E-01,4.00E-02
5.02E-02,-7.41E-02,2.19E-02,3.63E-04,-4.00E-02,4.00E-02,3.73E-02,-7.25E-02,3.20E-02,6.00E-01,2.00E-01,4.00E-02
5.02E-02,-7.41E-02,2.19E-02,3.63E-04,-4.00E-02,4.00E-02,3.73E-02,-7.25E-02,3.20E-02,6.00E-01,2.00E-01,4.00E-02
5.02E-02,-7.41E-02,2.19E-02,3.63E-04,-4.00E-02,4.00E-02,3.73E-02,-7.25E-02,3.20E-02,6.00E-01,2.00E-01,4.00E-02
5.02E-02,-7.41E-02,2.19E-02,3.63E-04,-4.00E-02,4.00E-02,3.73E-02,-7.25E-02,3.20E-02,6.00E-01,2.00E-01,4.00E-02
5.02E-02,-7.41E-02,2.19E-02,3.63E-04,-4.00E-02,4.00E-02,3.73E-02,-7.25E-02,3.20E-02,6.00E-01,2.00E-01,4.00E-02
5.02E-02,-7.41E-02,2.19E-02,3.63E-04,-4.00E-02,4.00E-02,3.73E-02,-7.25E-02,3.20E-02,6.00E-01,2.00E-01,4.00E-02
5.02E-02,-7.41E-02,2.19E-02,3.63E-04,-4.00E-02,4.00E-02,3.73E-02,-7.25E-02,3.20E-02,6.00E-01,2.00E-01,4.00E-02
5.02E-02,-7.41E-02,2.19E-02,3.63E-04,-4.00E-02,4.00E-02,3.73E-02,-7.25E-02,3.20E-02,6.00E-01,2.00E-01,4.00E-02
